Rk,Player,Nation,Pos,Squad,Age,Born,90s,Cmp,Att,Cmp%,TotDist,PrgDist,Cmp,Att,Cmp%,Cmp,Att,Cmp%,Cmp,Att,Cmp%,Ast,xAG,xA,A-xAG,KP,1/3,PPA,CrsPA,Prog,Matches,-9999
1,Sargis Adamyan,am ARM,FWMF,Köln,29-170,1993,3.3,61,80,76.3,1002,256,33,38,86.8,22,29,75.9,5,6,83.3,0,0.4,0.5,-0.4,5,2,6,2,9,Matches,22919e97
2,Karim Adeyemi,de GER,FWMF,Dortmund,20-295,2002,5.2,125,173,72.3,1619,476,81,95,85.3,34,44,77.3,4,12,33.3,0,1.4,1.0,-1.4,8,7,9,0,11,Matches,501055d8
3,Amine Adli,fr FRA,FW,Leverkusen,22-183,2000,2.9,76,90,84.4,966,216,48,56,85.7,20,20,100.0,2,4,50.0,1,0.6,0.4,+0.4,4,7,2,0,6,Matches,dcfb17f4
4,Felix Agu,de GER,DFFW,Werder Bremen,23-043,1999,0.5,16,25,64.0,299,144,4,5,80.0,9,10,90.0,2,6,33.3,0,0.1,0.1,-0.1,1,1,1,0,2,Matches,cb6d81b3
5,Naouirou Ahamada,fr FRA,MF,Stuttgart,20-225,2002,12.7,342,410,83.4,5185,1150,175,192,91.1,142,155,91.6,13,29,44.8,0,0.6,0.7,-0.6,11,27,7,2,26,Matches,a6c58494
6,Kevin Akpoguma,ng NGA,DF,Hoffenheim,27-204,1995,7.8,281,359,78.3,5421,2111,88,106,83.0,159,177,89.8,31,62,50.0,0,0.2,0.2,-0.2,1,28,3,1,29,Matches,6ec6fde0
7,Lucas Alario,ar ARG,FW,Eint Frankfurt,30-032,1992,2.6,37,51,72.5,525,103,20,27,74.1,11,15,73.3,4,4,100.0,0,0.0,0.2,0.0,1,2,0,0,3,Matches,834d0be5
8,Faride Alidou,de GER,DFMF,Eint Frankfurt,21-114,2001,1.4,43,56,76.8,664,267,22,22,100.0,18,26,69.2,2,5,40.0,0,0.3,0.1,-0.3,1,5,5,1,10,Matches,00f518d8
9,Nadiem Amiri,de GER,MFFW,Leverkusen,26-013,1996,3.4,139,168,82.7,2186,414,75,82,91.5,50,55,90.9,11,18,61.1,1,0.4,0.7,+0.6,4,12,3,0,9,Matches,555d5edd
10,Robert Andrich,de GER,MF,Leverkusen,28-048,1994,9.9,477,563,84.7,7739,1969,238,266,89.5,182,208,87.5,37,53,69.8,2,0.6,0.4,+1.4,8,37,6,1,40,Matches,e0b113a7
11,Angeliño,es ESP,DF,Hoffenheim,25-309,1997,11.0,369,557,66.2,6806,2697,160,190,84.2,155,220,70.5,49,112,43.8,2,2.2,2.4,-0.2,22,29,21,14,37,Matches,30941e96
12,Waldemar Anton,de GER,DF,Stuttgart,26-112,1996,13.9,691,854,80.9,14031,5674,207,239,86.6,405,451,89.8,77,142,54.2,0,0.6,0.7,-0.6,5,40,8,3,42,Matches,5e66fa06
13,Christopher Antwi-Adjei,gh GHA,FWMF,Bochum,28-275,1994,4.2,69,119,58.0,1230,409,34,43,79.1,22,41,53.7,10,22,45.5,2,0.7,0.5,+1.3,7,3,10,3,10,Matches,0a3f6cde
14,Charles Aránguiz,cl CHI,MF,Leverkusen,33-206,1989,5.5,248,311,79.7,3706,1211,136,154,88.3,84,96,87.5,15,39,38.5,0,0.2,0.2,-0.2,3,21,3,0,24,Matches,56413b1f
15,Maximilian Arnold,de GER,MF,Wolfsburg,28-166,1994,13.5,505,681,74.2,11859,3883,132,153,86.3,249,293,85.0,116,214,54.2,2,2.6,2.6,-0.6,22,47,9,1,45,Matches,86e119e0
16,Takuma Asano,jp JPN,MFFW,Bochum,27-364,1994,4.4,67,92,72.8,901,277,43,55,78.2,19,24,79.2,2,5,40.0,0,0.5,0.6,-0.5,7,7,4,2,7,Matches,13ddc856
17,Fisnik Asllani,xk KVX,MF,Hoffenheim,20-093,2002,0.1,3,6,50.0,28,0,3,4,75.0,0,0,,0,0,,0,0.0,0.0,0.0,0,0,0,0,0,Matches,35f67a30
18,Mehmet-Can Aydin,de GER,DF,Schalke 04,20-273,2002,2.1,56,84,66.7,1062,295,23,29,79.3,25,36,69.4,7,10,70.0,0,0.6,0.0,-0.6,1,4,0,0,3,Matches,fe46e261
19,Sardar Azmoun,ir IRN,MFFW,Leverkusen,27-312,1995,3.1,44,74,59.5,637,253,24,36,66.7,12,20,60.0,3,7,42.9,0,1.1,0.5,-1.1,6,8,1,0,10,Matches,10549b49
20,Sanoussy Ba,de GER,DF,RB Leipzig,18-308,2004,0.0,0,0,,0,0,0,0,,0,0,,0,0,,0,0.0,0.0,0.0,0,0,0,0,0,Matches,f582d5c1
21,Mitchel Bakker,nl NED,DFMF,Leverkusen,22-142,2000,6.5,300,379,79.2,4732,1376,166,189,87.8,117,142,82.4,14,32,43.8,1,0.8,0.2,+0.2,5,11,5,1,18,Matches,a8567629
22,Ridle Baku,de GER,DF,Wolfsburg,24-215,1998,13.2,588,741,79.4,11018,3627,219,247,88.7,292,349,83.7,67,116,57.8,1,1.3,2.8,-0.3,14,58,12,5,61,Matches,442b56fa
23,Aymen Barkok,ma MAR,MF,Mainz 05,24-172,1998,0.7,23,33,69.7,305,92,13,17,76.5,7,9,77.8,1,1,100.0,0,0.0,0.1,0.0,1,0,1,0,3,Matches,a2a85828
24,Leandro Barreiro Martins,lu LUX,MF,Mainz 05,22-310,2000,6.2,92,137,67.2,1203,351,63,81,77.8,20,29,69.0,3,10,30.0,0,0.3,0.3,-0.3,4,11,1,1,4,Matches,00242b75
25,Maximilian Bauer,de GER,DF,Augsburg,22-273,2000,11.0,276,380,72.6,5826,2489,91,109,83.5,143,166,86.1,40,98,40.8,0,0.3,0.1,-0.3,2,22,1,0,20,Matches,44a20f0c
26,Oliver Baumann,de GER,GK,Hoffenheim,32-160,1990,13.0,482,596,80.9,11617,7801,129,129,100.0,232,236,98.3,116,222,52.3,0,0.0,0.0,0.0,1,9,0,0,0,Matches,47064058
27,Timo Baumgartl,de GER,DF,Union Berlin,26-250,1996,3.5,157,192,81.8,2967,1157,62,67,92.5,82,89,92.1,13,35,37.1,0,0.1,0.1,-0.1,2,12,3,2,14,Matches,bd7d2e6d
28,Julian Baumgartlinger,at AUT,MF,Augsburg,34-311,1988,1.8,60,73,82.2,1119,274,23,30,76.7,29,32,90.6,7,8,87.5,0,0.0,0.0,0.0,0,4,1,0,4,Matches,69374ff5
29,Christoph Baumgartner,at AUT,MFFW,Hoffenheim,23-100,1999,10.8,237,343,69.1,3812,1154,119,154,77.3,89,115,77.4,18,30,60.0,2,2.0,1.9,0.0,7,30,11,0,29,Matches,437f2b00
30,Sheraldo Becker,sr SUR,FW,Union Berlin,27-273,1995,10.3,138,223,61.9,2423,615,56,82,68.3,51,74,68.9,22,34,64.7,3,1.7,2.2,+1.3,20,6,23,14,15,Matches,8eb55dbb
31,Kevin Behrens,de GER,FW,Union Berlin,31-279,1991,3.4,71,112,63.4,987,290,37,51,72.5,27,36,75.0,2,3,66.7,1,0.2,0.3,+0.8,4,6,9,0,15,Matches,30ae134d
32,Stefan Bell,de GER,DF,Mainz 05,31-077,1991,8.3,337,428,78.7,6249,2989,132,149,88.6,155,176,88.1,46,82,56.1,0,0.3,0.4,-0.3,5,24,5,1,29,Matches,857a5abe
33,Karim Bellarabi,de GER,FW,Leverkusen,32-215,1990,0.5,6,13,46.2,65,27,5,7,71.4,1,5,20.0,0,0,,0,0.0,0.0,0.0,0,0,0,0,0,Matches,bee0bab1
34,Jude Bellingham,eng ENG,MF,Dortmund,19-133,2003,14.0,583,727,80.2,10215,3320,249,297,83.8,231,266,86.8,72,105,68.6,1,1.2,1.3,-0.2,12,75,20,1,79,Matches,57d88cf9
35,Ramy Bensebaini,dz ALG,DF,M'Gladbach,27-207,1995,12.9,516,667,77.4,8902,3083,253,280,90.4,198,242,81.8,53,96,55.2,0,1.4,1.3,-1.4,8,36,15,0,37,Matches,378825c7
36,Mergim Berisha,de GER,FW,Augsburg,24-182,1998,7.4,68,160,42.5,1210,562,29,53,54.7,26,53,49.1,10,34,29.4,4,2.3,2.2,+1.7,12,12,5,3,13,Matches,eb6e14be
37,Tom Bischof,de GER,FW,Hoffenheim,17-134,2005,0.2,6,8,75.0,51,6,6,7,85.7,0,0,,0,0,,0,0.0,0.0,0.0,0,0,0,0,0,Matches,07d3bfec
38,Leonardo Bittencourt,de GER,MF,Werder Bremen,28-325,1993,5.6,177,235,75.3,2763,602,96,109,88.1,64,81,79.0,11,25,44.0,0,0.3,0.3,-0.3,4,17,7,0,13,Matches,dc62fbee
39,Janis Blaswich,de GER,GK,RB Leipzig,31-191,1991,6.0,199,222,89.6,4280,2390,56,56,100.0,112,112,100.0,31,54,57.4,0,0.0,0.0,0.0,0,0,0,0,1,Matches,663e080e
40,Kevin-Prince Boateng,gh GHA,MF,Hertha BSC,35-248,1987,1.1,45,59,76.3,747,235,25,27,92.6,16,22,72.7,4,5,80.0,0,0.0,0.0,0.0,0,3,0,0,2,Matches,f4ec4fd0
41,Jean-Paul Boëtius,nl NED,MFFW,Hertha BSC,28-232,1994,5.5,139,191,72.8,2501,992,58,73,79.5,57,76,75.0,17,27,63.0,0,0.5,0.4,-0.5,7,16,4,0,25,Matches,635f2732
42,Yvandro Borges Sanches,lu LUX,FWMF,M'Gladbach,18-169,2004,0.3,8,9,88.9,113,17,2,2,100.0,3,4,75.0,1,1,100.0,0,0.0,0.0,0.0,0,0,1,1,0,Matches,36578017
43,Sebastiaan Bornauw,be BEL,DF,Wolfsburg,23-232,1999,7.1,272,333,81.7,5493,2120,82,96,85.4,159,178,89.3,30,52,57.7,0,0.0,0.0,0.0,0,15,0,0,16,Matches,01834aa0
44,Rafael Borré,co COL,FWMF,Eint Frankfurt,27-055,1995,4.4,100,139,71.9,1474,314,59,70,84.3,28,40,70.0,7,13,53.8,1,1.0,1.2,0.0,5,6,2,1,8,Matches,c68da769
45,Julian Brandt,de GER,FWMF,Dortmund,26-191,1996,10.7,399,532,75.0,5934,1613,230,262,87.8,101,135,74.8,41,82,50.0,2,2.9,2.7,-0.9,28,22,11,1,38,Matches,a167537f
46,Josip Brekalo,hr CRO,MFFW,Wolfsburg,24-139,1998,3.0,103,148,69.6,1684,475,57,65,87.7,31,41,75.6,11,20,55.0,1,0.4,0.4,+0.6,5,10,4,0,12,Matches,d4a2533d
47,Cédric Brunner,ch SUI,DF,Schalke 04,28-265,1994,9.5,286,410,69.8,5300,2127,110,127,86.6,144,192,75.0,29,75,38.7,0,0.5,1.0,-0.5,6,17,9,7,21,Matches,f0a37d36
48,Jacob Bruun Larsen,dk DEN,FW,Hoffenheim,24-051,1998,3.1,51,71,71.8,693,110,33,42,78.6,15,18,83.3,1,5,20.0,0,0.3,0.3,-0.3,5,5,1,0,2,Matches,4e204552
49,Lee Buchanan,eng ENG,DF,Werder Bremen,21-247,2001,2.5,78,113,69.0,1533,556,32,39,82.1,32,45,71.1,13,28,46.4,0,0.4,0.4,-0.4,2,8,1,1,6,Matches,45e95f21
50,Marius Bülter,de GER,FWMF,Schalke 04,29-225,1993,11.3,199,324,61.4,2988,992,122,142,85.9,52,93,55.9,14,36,38.9,0,1.7,1.2,-1.7,14,19,17,8,25,Matches,ab5b7dc1
51,Delano Burgzorg,nl NED,FWMF,Mainz 05,24-002,1998,2.3,31,42,73.8,371,55,22,27,81.5,5,5,100.0,1,2,50.0,1,0.1,0.2,+0.9,1,1,1,0,2,Matches,05e2d5ea
52,Jonathan Burkardt,de GER,MFFW,Mainz 05,22-121,2000,4.6,57,81,70.4,920,258,28,34,82.4,20,25,80.0,7,12,58.3,2,0.9,1.5,+1.1,5,2,8,1,9,Matches,05f99a4a
53,Oliver Burke,sct SCO,FWMF,Werder Bremen,25-216,1997,2.8,51,74,68.9,634,184,30,44,68.2,15,17,88.2,1,4,25.0,0,0.3,0.1,-0.3,4,4,3,0,6,Matches,f631c17f
54,Jamie Bynoe-Gittens,eng ENG,FW,Dortmund,18-093,2004,1.8,27,36,75.0,341,152,16,20,80.0,8,9,88.9,0,2,0.0,0,0.0,0.3,0.0,1,3,3,0,5,Matches,10745192
55,Anthony Caci,fr FRA,DF,Mainz 05,25-131,1997,5.8,229,310,73.9,5155,1867,62,77,80.5,115,135,85.2,49,89,55.1,0,0.2,0.7,-0.2,4,28,2,1,23,Matches,0118c54c
56,Kerim Calhanoglu,de GER,DF,Schalke 04,20-075,2002,0.7,30,42,71.4,574,388,14,16,87.5,10,15,66.7,6,8,75.0,0,0.2,0.2,-0.2,3,0,2,1,2,Matches,d1db4b83
57,Daniel Caligiuri,it ITA,DFFW,Augsburg,34-298,1988,2.9,85,130,65.4,1486,784,37,46,80.4,33,51,64.7,10,24,41.7,0,0.2,0.2,-0.2,3,8,4,0,10,Matches,d1273f09
58,Emre Can,de GER,MFDF,Dortmund,28-301,1994,3.8,173,199,86.9,3001,932,66,73,90.4,83,87,95.4,16,27,59.3,0,0.0,0.2,0.0,0,13,0,0,9,Matches,a65ce836
59,Koen Casteels,be BEL,GK,Wolfsburg,30-137,1992,14.0,486,609,79.8,15369,10755,61,61,100.0,198,200,99.0,225,345,65.2,0,0.0,0.0,0.0,0,17,0,0,0,Matches,db401046
60,Julian Chabot,de GER,DF,Köln,24-270,1998,1.4,103,117,88.0,2223,704,28,30,93.3,58,63,92.1,17,23,73.9,0,0.0,0.0,0.0,1,16,0,0,5,Matches,ae7058f9
61,Timothy Chandler,us USA,DF,Eint Frankfurt,32-225,1990,0.9,31,53,58.5,680,507,7,19,36.8,16,22,72.7,7,9,77.8,0,0.0,0.0,0.0,1,7,0,0,8,Matches,b3b7f5a6
62,Fabio Chiarodia,it ITA,DF,Werder Bremen,17-157,2005,0.0,1,2,50.0,17,17,0,0,,1,2,50.0,0,0,,0,0.0,0.0,0.0,0,0,0,0,1,Matches,48780156
63,Oliver Christensen,dk DEN,GK,Hertha BSC,23-232,1999,14.0,385,531,72.5,11476,8911,67,67,100.0,176,179,98.3,142,283,50.2,0,0.0,0.0,0.0,0,6,0,0,0,Matches,af104654
64,Darko Churlinov,mk MKD,FW,Stuttgart,22-121,2000,0.3,0,0,,0,0,0,0,,0,0,,0,0,,0,0.0,0.0,0.0,0,0,0,0,0,Matches,c6608135
65,Kingsley Coman,fr FRA,FWMF,Bayern Munich,26-149,1996,5.0,192,242,79.3,2976,565,111,124,89.5,58,79,73.4,17,26,65.4,3,1.4,1.4,+1.6,12,9,10,2,16,Matches,042e8a49
66,Danny da Costa,de GER,DF,Mainz 05,29-119,1993,3.7,110,172,64.0,2026,946,40,56,71.4,55,78,70.5,10,28,35.7,1,0.2,0.3,+0.8,2,14,5,3,16,Matches,5ddb8f9f
67,Moanes Dabbur,il ISR,FWMF,Hoffenheim,30-179,1992,4.7,103,142,72.5,1340,421,58,74,78.4,28,35,80.0,5,10,50.0,0,0.6,0.9,-0.6,8,8,4,0,14,Matches,eac044ad
68,Mahmoud Dahoud,de GER,MF,Dortmund,26-312,1996,2.0,92,121,76.0,1687,549,39,46,84.8,42,44,95.5,10,21,47.6,0,0.1,0.1,-0.1,1,10,0,0,10,Matches,db4ed67b
69,Muhammed Damar,de GER,MF,Hoffenheim,18-214,2004,0.9,34,40,85.0,436,160,20,21,95.2,12,13,92.3,0,2,0.0,0,0.2,0.1,-0.2,3,5,1,0,7,Matches,d3d77413
70,Márton Dárdai,de GER,DF,Hertha BSC,20-270,2002,2.0,44,79,55.7,926,525,12,19,63.2,24,33,72.7,8,27,29.6,0,0.0,0.0,0.0,0,2,0,0,6,Matches,41bff4fa
71,Vladimír Darida,cz CZE,MF,Hertha BSC,32-093,1990,0.3,8,12,66.7,101,6,5,6,83.3,2,3,66.7,0,1,0.0,0,0.0,0.0,0.0,0,0,0,0,0,Matches,3eb0f2df
72,Alphonso Davies,ca CAN,DF,Bayern Munich,22-007,2000,11.1,657,738,89.0,10175,2819,357,388,92.0,251,271,92.6,35,50,70.0,1,1.8,1.8,-0.8,23,50,15,0,52,Matches,d781d855
73,Kerem Demirbay,de GER,MF,Leverkusen,29-129,1993,7.6,339,463,73.2,5779,1968,156,184,84.8,134,163,82.2,36,89,40.4,2,1.3,2.3,+0.7,11,32,6,3,34,Matches,54b4dc4e
74,Ermedin Demirović,ba BIH,MFFW,Augsburg,24-229,1998,11.0,104,224,46.4,1393,554,62,109,56.9,33,59,55.9,3,10,30.0,2,1.2,1.1,+0.8,8,13,10,3,15,Matches,ed79b7d3
75,Sepp van den Berg,nl NED,DF,Schalke 04,20-324,2001,3.6,127,152,83.6,2537,896,39,41,95.1,71,77,92.2,15,30,50.0,0,0.0,0.0,0.0,0,5,0,0,4,Matches,7bf9400b
76,Moussa Diaby,fr FRA,FWMF,Leverkusen,23-125,1999,11.9,312,406,76.8,4588,999,181,216,83.8,94,113,83.2,21,43,48.8,3,3.8,3.1,-0.8,27,18,20,7,26,Matches,aeed5c06
77,Abdou Diallo,sn SEN,DFMF,RB Leipzig,26-189,1996,4.8,296,345,85.8,5556,2367,117,126,92.9,146,161,90.7,31,52,59.6,0,0.1,0.3,-0.1,1,22,4,0,18,Matches,fc62f087
78,Florian Dietz,de GER,FW,Köln,24-098,1998,4.4,39,76,51.3,487,111,27,40,67.5,7,20,35.0,2,5,40.0,0,0.3,0.5,-0.3,4,4,0,0,3,Matches,8779ddf8
79,Junior Dina Ebimbe,fr FRA,DFMF,Eint Frankfurt,21-353,2000,5.9,176,236,74.6,2618,838,101,122,82.8,63,77,81.8,6,23,26.1,1,0.7,0.4,+0.3,6,14,6,1,17,Matches,95bb6ddc
80,Eren Dinkçi,de GER,FWMF,Werder Bremen,20-331,2001,0.5,6,14,42.9,71,15,5,7,71.4,1,5,20.0,0,0,,0,0.0,0.0,0.0,1,0,0,0,0,Matches,4ccd8957
81,Ritsu Doan,jp JPN,FWMF,Freiburg,24-146,1998,10.4,189,271,69.7,2813,818,123,151,81.5,49,69,71.0,13,20,65.0,1,1.4,2.1,-0.4,14,22,14,3,27,Matches,d01bbb6f
82,Danilho Doekhi,nl NED,DF,Union Berlin,24-132,1998,3.9,136,167,81.4,2402,839,66,76,86.8,58,68,85.3,11,18,61.1,1,0.0,0.3,+1.0,1,13,0,0,15,Matches,f67c9d29
83,Dominick Drexler,de GER,MFFW,Schalke 04,32-167,1990,6.7,137,214,64.0,2051,617,68,101,67.3,45,64,70.3,9,16,56.3,3,0.9,0.9,+2.1,9,15,8,3,15,Matches,809940aa
84,Marvin Ducksch,de GER,FW,Werder Bremen,28-247,1994,13.5,271,426,63.6,4286,990,140,173,80.9,88,141,62.4,25,74,33.8,3,2.6,3.3,+0.4,28,17,9,2,20,Matches,638a4d71
85,Ondrej Duda,sk SVK,MF,Köln,27-339,1994,6.9,192,255,75.3,3324,787,90,107,84.1,75,92,81.5,19,35,54.3,0,0.7,0.7,-0.7,8,25,5,1,21,Matches,79ca3e23
86,Maximilian Eggestein,de GER,MF,Freiburg,25-336,1996,10.1,254,328,77.4,3808,1131,135,163,82.8,96,112,85.7,10,20,50.0,2,0.4,0.5,+1.6,8,31,5,1,28,Matches,beb882a8
87,Lilian Egloff,de GER,MFFW,Stuttgart,20-081,2002,2.6,39,67,58.2,549,198,26,37,70.3,11,15,73.3,1,5,20.0,0,0.4,0.8,-0.4,4,3,3,0,7,Matches,2f7fec15
88,Kingsley Ehizibue,nl NED,DF,Köln,27-168,1995,0.7,15,24,62.5,275,142,8,10,80.0,3,6,50.0,4,6,66.7,0,0.0,0.0,0.0,0,1,1,0,2,Matches,76b2817e
89,Chidera Ejuke,ng NGA,FWMF,Hertha BSC,24-311,1998,8.5,202,256,78.9,3019,633,113,133,85.0,61,75,81.3,18,23,78.3,3,1.1,0.8,+1.9,8,24,9,0,23,Matches,e7f3e8a7
90,Nico Elvedi,ch SUI,DF,M'Gladbach,26-040,1996,11.5,733,794,92.3,13685,4207,249,266,93.6,413,429,96.3,63,85,74.1,0,0.3,0.3,-0.3,4,15,0,0,22,Matches,48035304
91,Wataru Endo,jp JPN,MF,Stuttgart,29-273,1993,13.5,425,562,75.6,7973,2459,156,203,76.8,205,248,82.7,55,83,66.3,0,0.9,0.5,-0.9,17,45,10,0,42,Matches,c149016b
92,Ohis Felix Uduokhai,de GER,DF,Augsburg,25-061,1997,3.2,97,132,73.5,1669,677,42,55,76.4,45,54,83.3,8,17,47.1,1,0.2,0.3,+0.8,2,5,1,0,9,Matches,677da306
93,Edimilson Fernandes,ch SUI,DF,Mainz 05,26-208,1996,7.1,260,349,74.5,5305,1921,105,113,92.9,105,130,80.8,44,84,52.4,1,0.4,0.3,+0.6,4,17,4,2,15,Matches,3bb625ac
94,Kilian Fischer,de GER,DF,Wolfsburg,22-028,2000,0.3,8,9,88.9,129,96,3,3,100.0,5,5,100.0,0,1,0.0,0,0.0,0.0,0.0,0,0,0,0,1,Matches,79f7302a
95,Mark Flekken,nl NED,GK,Freiburg,29-149,1993,13.0,402,558,72.0,13228,10081,37,38,97.4,194,196,99.0,171,322,53.1,0,0.1,0.1,-0.1,2,25,2,0,0,Matches,a92ab7be
96,Florian Flick,de GER,MF,Schalke 04,22-192,2000,5.7,129,185,69.7,2170,656,64,82,78.0,50,63,79.4,11,25,44.0,0,0.0,0.1,0.0,1,13,0,0,8,Matches,9642c929
97,Emil Forsberg,se SWE,MFFW,RB Leipzig,31-017,1991,5.4,152,187,81.3,2102,518,95,110,86.4,42,46,91.3,6,11,54.5,1,0.7,0.5,+0.3,5,17,6,0,16,Matches,9a2e0ccc
98,Philipp Förster,de GER,MF,Bochum,27-278,1995,6.9,189,254,74.4,2838,898,109,121,90.1,55,72,76.4,17,35,48.6,2,0.7,0.7,+1.3,10,22,7,3,15,Matches,76fa965f
99,Timothy Fosu-Mensah,nl NED,DF,Leverkusen,24-311,1998,1.2,60,75,80.0,850,169,39,44,88.6,18,22,81.8,1,4,25.0,0,0.0,0.0,0.0,2,1,1,0,3,Matches,a9142dc3
100,Raphael Framberger,de GER,DFFW,Augsburg,27-064,1995,2.0,33,64,51.6,405,292,22,27,81.5,9,19,47.4,0,10,0.0,0,0.0,0.1,0.0,1,2,1,0,4,Matches,626fab5f
101,Bartol Franjić,hr CRO,MF,Wolfsburg,22-299,2000,2.4,55,73,75.3,845,216,31,34,91.2,20,26,76.9,3,6,50.0,1,0.1,0.1,+0.9,2,6,1,0,2,Matches,697dc00a
102,Marco Friedl,at AUT,DF,Werder Bremen,24-238,1998,11.8,583,718,81.2,12728,4585,179,192,93.2,280,324,86.4,113,179,63.1,0,0.3,0.7,-0.3,5,50,10,4,41,Matches,f86ad3f5
103,Marvin Friedrich,de GER,DF,M'Gladbach,26-331,1995,9.7,591,698,84.7,11230,3582,206,222,92.8,334,356,93.8,48,103,46.6,0,0.4,0.6,-0.4,4,15,0,0,24,Matches,b77f44a4
104,Jeremie Frimpong,nl NED,DFMF,Leverkusen,21-334,2000,11.1,371,465,79.8,4925,1699,252,283,89.0,92,116,79.3,13,27,48.1,1,1.5,1.9,-0.5,11,19,12,5,22,Matches,74f2e748
105,Chris Führich,de GER,MFFW,Stuttgart,24-304,1998,8.8,213,290,73.4,3632,963,109,127,85.8,79,97,81.4,20,42,47.6,0,1.8,1.2,-1.8,12,23,8,0,27,Matches,0cf778df
106,Angelo Fulgini,fr FRA,MF,Mainz 05,26-081,1996,5.1,162,201,80.6,2126,642,105,116,90.5,42,59,71.2,5,13,38.5,1,0.7,0.4,+0.3,6,12,9,1,21,Matches,4b96c347
107,Niclas Füllkrug,de GER,FW,Werder Bremen,29-273,1993,12.5,254,420,60.5,4182,1103,132,189,69.8,77,126,61.1,30,47,63.8,2,1.9,1.8,+0.1,18,28,14,1,45,Matches,4f16405e
108,Cristian Gamboa,cr CRC,DF,Bochum,33-016,1989,13.2,364,542,67.2,7597,3140,131,160,81.9,149,215,69.3,79,143,55.2,0,0.5,0.7,-0.5,9,43,14,9,37,Matches,f27680d9
109,Silvère Ganvoula M'Boussy,cg CGO,FW,Bochum,26-140,1996,1.7,28,48,58.3,352,89,20,30,66.7,8,12,66.7,0,2,0.0,0,0.4,0.2,-0.4,4,4,4,0,5,Matches,6c731625
110,Dennis Geiger,de GER,MF,Hoffenheim,24-152,1998,9.1,329,385,85.5,6211,2151,133,139,95.7,145,162,89.5,42,59,71.2,2,1.3,1.2,+0.7,18,41,7,0,41,Matches,37f606f0
111,Yannick Gerhardt,de GER,MF,Wolfsburg,28-241,1994,7.1,170,226,75.2,3011,980,80,96,83.3,70,88,79.5,16,25,64.0,0,0.7,1.2,-0.7,9,23,4,1,29,Matches,62ab9184
112,Niko Gießelmann,de GER,DF,Union Berlin,31-044,1991,6.2,213,311,68.5,3847,1296,101,115,87.8,81,125,64.8,28,52,53.8,1,0.8,0.7,+0.2,10,10,10,5,12,Matches,7242b495
113,Rafał Gikiewicz,pl POL,GK,Augsburg,35-014,1987,9.0,257,402,63.9,9167,7181,28,30,93.3,98,102,96.1,131,269,48.7,0,0.0,0.0,0.0,0,9,0,0,0,Matches,17376543
114,Matthias Ginter,de GER,DF,Freiburg,28-294,1994,13.0,565,697,81.1,11523,4622,175,202,86.6,310,348,89.1,77,127,60.6,1,0.5,0.7,+0.5,6,51,3,0,49,Matches,f521b80a
115,Serge Gnabry,de GER,FW,Bayern Munich,27-118,1995,8.2,268,344,77.9,3656,963,174,205,84.9,75,94,79.8,13,25,52.0,3,2.3,2.0,+0.7,14,18,13,2,28,Matches,88e357ef
116,Jacek Góralski,pl POL,MF,Bochum,30-049,1992,1.6,29,37,78.4,475,131,13,16,81.3,12,12,100.0,3,6,50.0,0,0.1,0.0,-0.1,2,0,0,0,2,Matches,83b9c48f
117,Leon Goretzka,de GER,MF,Bayern Munich,27-276,1995,7.0,264,329,80.2,3610,1131,160,179,89.4,75,97,77.3,13,25,52.0,1,1.0,0.9,0.0,9,25,8,0,27,Matches,cc86b9a3
118,Mario Götze,de GER,MF,Eint Frankfurt,30-159,1992,11.9,458,619,74.0,6692,1906,254,301,84.4,150,201,74.6,24,50,48.0,0,1.9,2.7,-1.9,15,35,15,4,39,Matches,9efa1d25
119,Jeffrey Gouweleeuw,nl NED,DF,Augsburg,31-122,1991,12.0,296,446,66.4,6808,2853,88,125,70.4,148,176,84.1,57,126,45.2,0,0.3,0.4,-0.3,5,31,7,0,23,Matches,1025db8e
120,Ryan Gravenberch,nl NED,MF,Bayern Munich,20-177,2002,1.9,78,97,80.4,1112,280,46,53,86.8,27,32,84.4,3,6,50.0,0,0.2,0.2,-0.2,2,6,3,0,6,Matches,b8e740fb
121,Michael Gregoritsch,at AUT,FW,Freiburg,28-205,1994,11.0,134,237,56.5,1647,436,79,120,65.8,33,69,47.8,7,14,50.0,2,1.0,1.0,+1.0,9,11,10,1,16,Matches,8e235926
122,Leo Greiml,at AUT,DF,Schalke 04,21-129,2001,2.5,99,123,80.5,2112,676,22,24,91.7,64,72,88.9,12,25,48.0,0,0.0,0.1,0.0,0,4,1,0,5,Matches,f9dfb7ae
123,Vincenzo Grifo,it ITA,FWMF,Freiburg,29-216,1993,11.3,418,572,73.1,7442,2309,192,227,84.6,163,199,81.9,50,110,45.5,2,3.3,3.8,-1.3,31,38,29,3,54,Matches,54e4866f
124,Lennart Grill,de GER,GK,Union Berlin,23-288,1999,2.0,64,91,70.3,2004,1507,7,7,100.0,36,36,100.0,21,47,44.7,0,0.0,0.0,0.0,0,3,0,0,0,Matches,37998008
125,Christian Groß,de GER,MF,Werder Bremen,33-274,1989,9.2,305,371,82.2,4491,1257,178,204,87.3,97,119,81.5,18,22,81.8,0,0.3,0.4,-0.3,4,26,4,1,25,Matches,14a7af33
126,Ilia Gruev,bg BUL,MF,Werder Bremen,22-187,2000,7.9,303,348,87.1,5118,1529,139,153,90.8,135,148,91.2,25,36,69.4,0,0.2,0.4,-0.2,5,28,4,1,21,Matches,1fc4f3d1
127,Carlos Gruezo,ec ECU,MF,Augsburg,27-204,1995,10.4,191,268,71.3,3911,1258,61,78,78.2,83,105,79.0,39,69,56.5,0,0.3,0.4,-0.3,6,25,6,0,24,Matches,f2dd9a21
128,Raphaël Guerreiro,pt POR,DF,Dortmund,28-322,1993,10.4,579,693,83.5,8436,3278,342,381,89.8,186,217,85.7,31,58,53.4,2,1.8,2.1,+0.2,12,54,12,3,57,Matches,048a1cbc
129,Josuha Guilavogui,fr FRA,MFDF,Wolfsburg,32-051,1990,4.8,161,204,78.9,3267,1070,57,70,81.4,75,94,79.8,28,34,82.4,0,0.1,0.3,-0.1,3,18,4,0,13,Matches,e6c43eec
130,Sehrou Guirassy,gn GUI,FW,Stuttgart,26-242,1996,7.6,118,183,64.5,1677,290,74,93,79.6,31,48,64.6,7,15,46.7,0,0.7,0.2,-0.7,9,6,4,0,9,Matches,923f4dda
131,Péter Gulácsi,hu HUN,GK,RB Leipzig,32-187,1990,6.0,189,215,87.9,4257,2285,44,44,100.0,112,112,100.0,33,59,55.9,0,0.0,0.0,0.0,0,3,0,0,0,Matches,bcb2ccd8
132,Manuel Gulde,de GER,DFFW,Freiburg,31-270,1991,0.9,38,46,82.6,718,151,13,14,92.9,21,22,95.5,4,9,44.4,0,0.0,0.0,0.0,0,2,0,0,3,Matches,25ab9c9c
133,Robert Gumny,pl POL,DF,Augsburg,24-158,1998,7.4,141,238,59.2,2718,1346,52,74,70.3,66,105,62.9,18,45,40.0,1,0.3,0.4,+0.7,4,9,3,2,8,Matches,1df0c0b9
134,Christian Günter,de GER,DF,Freiburg,29-254,1993,13.0,413,593,69.6,7171,2612,191,223,85.7,153,218,70.2,47,105,44.8,1,2.4,2.4,-1.4,29,23,16,11,27,Matches,8593f88c
135,Joško Gvardiol,hr CRO,DF,RB Leipzig,20-290,2002,7.3,559,623,89.7,10724,4289,199,207,96.1,294,313,93.9,63,95,66.3,0,0.1,0.2,-0.1,3,36,3,0,40,Matches,5ad50391
136,Janik Haberer,de GER,MF,Union Berlin,28-221,1994,7.8,128,192,66.7,1999,542,73,91,80.2,39,62,62.9,9,13,69.2,1,0.9,0.7,+0.1,11,14,7,2,14,Matches,70dcf94d
137,Alexander Hack,de GER,DF,Mainz 05,29-062,1993,9.6,334,449,74.4,7228,3671,99,116,85.3,160,194,82.5,69,116,59.5,0,0.1,0.7,-0.1,3,25,3,0,37,Matches,a5ec3ede
138,André Hahn,de GER,FWMF,Augsburg,32-088,1990,4.3,33,83,39.8,542,216,15,25,60.0,13,26,50.0,2,17,11.8,0,0.0,0.0,0.0,1,7,1,0,5,Matches,cd82452e
139,Amadou Haidara,ml MLI,MF,RB Leipzig,24-282,1998,4.3,188,231,81.4,3302,1076,83,96,86.5,80,92,87.0,21,32,65.6,1,0.8,0.6,+0.2,4,21,7,0,23,Matches,92432bc6
140,Marcel Halstenberg,de GER,DF,RB Leipzig,31-043,1991,6.4,400,463,86.4,6995,2155,174,186,93.5,192,215,89.3,27,41,65.9,1,0.5,0.5,+0.5,4,21,9,2,24,Matches,8ff2354e
141,Genki Haraguchi,jp JPN,MF,Union Berlin,31-184,1991,3.1,78,98,79.6,1257,357,33,39,84.6,30,33,90.9,8,11,72.7,0,0.2,0.1,-0.2,5,11,2,0,9,Matches,f24ea523
142,Makoto Hasebe,jp JPN,DF,Eint Frankfurt,38-295,1984,2.3,104,123,84.6,2117,718,27,28,96.4,64,70,91.4,13,23,56.5,0,0.0,0.0,0.0,0,4,0,0,4,Matches,9ab16552
143,Thorgan Hazard,be BEL,FWDF,Dortmund,29-225,1993,4.7,215,287,74.9,3476,1233,110,132,83.3,84,104,80.8,17,38,44.7,0,0.9,0.9,-0.9,10,16,6,1,19,Matches,50871bcc
144,Jonas Hector,de GER,DF,Köln,32-166,1990,10.9,455,606,75.1,8491,2963,195,223,87.4,188,229,82.1,64,124,51.6,1,2.2,2.3,-1.2,16,28,6,3,33,Matches,c2009df3
145,Dominique Heintz,de GER,DF,Bochum,29-086,1993,3.8,103,118,87.3,2075,603,36,39,92.3,52,54,96.3,14,24,58.3,0,0.0,0.0,0.0,0,5,1,0,6,Matches,699fb8db
146,Benjamin Henrichs,de GER,DFMF,RB Leipzig,25-259,1997,9.1,398,554,71.8,6735,2365,209,242,86.4,145,189,76.7,36,81,44.4,1,0.5,1.4,+0.5,7,37,11,5,42,Matches,0a89e877
147,Lucas Hernández,fr FRA,DF,Bayern Munich,26-268,1996,4.5,301,333,90.4,5827,2268,110,116,94.8,142,158,89.9,42,47,89.4,0,0.2,0.1,-0.2,1,26,2,0,18,Matches,c3ee18ef
148,Patrick Herrmann,de GER,FWMF,M'Gladbach,31-270,1991,0.8,36,55,65.5,498,207,20,21,95.2,14,21,66.7,0,5,0.0,0,0.3,0.5,-0.3,2,4,2,1,3,Matches,dfb6490a
149,Piero Hincapié,ec ECU,DF,Leverkusen,20-304,2002,9.2,509,612,83.2,8310,2446,269,291,92.4,207,239,86.6,30,60,50.0,0,0.3,0.4,-0.3,4,18,4,2,20,Matches,0c7a48f8
150,Adam Hložek,cz CZE,FWMF,Leverkusen,20-107,2002,5.4,109,135,80.7,1573,491,71,79,89.9,24,28,85.7,9,16,56.3,2,1.5,0.7,+0.5,12,13,3,0,15,Matches,5521f419
151,Nicolas Höfler,de GER,MF,Freiburg,32-245,1990,12.7,471,557,84.6,7999,2302,192,213,90.1,216,249,86.7,40,54,74.1,1,0.9,0.3,+0.1,3,35,2,0,30,Matches,5d8e331f
152,Jonas Hofmann,de GER,FW,M'Gladbach,30-118,1992,11.8,391,534,73.2,6731,2109,190,220,86.4,127,164,77.4,49,97,50.5,2,3.0,3.3,-1.0,31,23,13,4,25,Matches,2903a856
153,Philipp Hofmann,de GER,FW,Bochum,29-224,1993,10.7,157,253,62.1,2186,503,97,136,71.3,50,84,59.5,4,7,57.1,1,1.6,1.4,-0.6,12,10,9,0,15,Matches,877bc844
154,Lucas Höler,de GER,FWMF,Freiburg,28-122,1994,0.6,14,23,60.9,179,39,7,13,53.8,5,6,83.3,0,0,,0,0.1,0.1,-0.1,1,1,1,0,2,Matches,ca618d23
155,Gerrit Holtmann,ph PHI,FWMF,Bochum,27-229,1995,8.2,124,218,56.9,1569,424,84,107,78.5,27,53,50.9,5,21,23.8,1,0.6,0.8,+0.4,8,4,7,4,6,Matches,2979c05a
156,Jannes Horn,de GER,DFFW,Bochum,25-276,1997,0.7,15,19,78.9,210,119,6,7,85.7,6,7,85.7,0,0,,0,0.0,0.0,0.0,0,0,0,0,0,Matches,2b83fa49
157,Lukáš Hrádecký,fi FIN,GK,Leverkusen,32-350,1989,12.0,306,411,74.5,7869,5944,72,74,97.3,150,152,98.7,82,183,44.8,0,0.0,0.0,0.0,0,4,1,0,0,Matches,ad3389d5
158,Timo Hübers,de GER,DF,Köln,26-112,1996,10.4,527,636,82.9,11032,4197,129,143,90.2,325,360,90.3,68,116,58.6,0,0.1,0.4,-0.1,2,22,1,0,19,Matches,94302c52
159,Callum Hudson-Odoi,eng ENG,FWMF,Leverkusen,22-002,2000,4.4,141,166,84.9,2342,457,77,87,88.5,49,56,87.5,14,18,77.8,1,0.6,0.7,+0.4,9,11,6,1,13,Matches,15f3ec41
160,Mats Hummels,de GER,DF,Dortmund,33-328,1988,10.9,654,744,87.9,14133,4629,179,198,90.4,347,361,96.1,119,161,73.9,0,0.1,0.2,-0.1,2,37,3,1,35,Matches,05d548d8
161,Denis Huseinbasic,de GER,MFDF,Köln,21-129,2001,2.8,72,87,82.8,1062,303,43,48,89.6,24,29,82.8,3,5,60.0,1,0.0,0.1,+1.0,1,11,2,0,6,Matches,b116c6e3
162,Iago,br BRA,DF,Augsburg,25-231,1997,10.1,261,415,62.9,4632,2568,103,130,79.2,125,186,67.2,26,66,39.4,1,0.7,1.1,+0.3,5,20,7,2,27,Matches,054849d2
163,Marcus Ingvartsen,dk DEN,FWMF,Mainz 05,26-309,1996,4.2,58,91,63.7,799,139,35,53,66.0,17,23,73.9,3,6,50.0,0,0.1,0.1,-0.1,2,2,2,0,5,Matches,271b8617
164,Ko Itakura,jp JPN,DF,M'Gladbach,25-286,1997,4.6,308,341,90.3,5648,1983,115,119,96.6,174,186,93.5,19,31,61.3,1,0.1,0.2,+0.9,1,23,3,0,10,Matches,97d545ae
165,Hiroki Ito,jp JPN,DF,Stuttgart,23-181,1999,11.0,550,691,79.6,12143,4466,160,184,87.0,289,330,87.6,94,158,59.5,1,1.3,1.6,-0.3,11,54,6,1,49,Matches,204dded0
166,Lee Jae-sung,kr KOR,MF,Mainz 05,30-091,1992,8.5,273,363,75.2,4161,959,150,183,82.0,96,121,79.3,18,35,51.4,1,1.3,1.8,-0.3,13,28,11,3,25,Matches,34b0387f
167,Paul Jaeckel,de GER,DF,Union Berlin,24-110,1998,8.4,314,393,79.9,6100,2353,111,122,91.0,165,181,91.2,33,78,42.3,0,0.0,0.6,0.0,0,33,2,0,18,Matches,a93b6f4e
168,Kristijan Jakić,hr CRO,DFMF,Eint Frankfurt,25-179,1997,10.0,407,541,75.2,6995,2934,172,208,82.7,202,242,83.5,27,63,42.9,0,0.6,0.7,-0.6,6,27,4,1,30,Matches,a8ee54ad
169,Jan Jakob Olschowsky,de GER,GK,M'Gladbach,20-356,2001,1.0,37,50,74.0,1048,745,7,7,100.0,17,17,100.0,13,26,50.0,0,0.0,0.0,0.0,0,2,0,0,0,Matches,fa4cabd1
170,Saidy Janko,gm GAM,DF,Bochum,27-018,1995,2.8,94,126,74.6,1677,551,46,53,86.8,35,46,76.1,13,22,59.1,0,0.1,0.1,-0.1,1,9,2,0,9,Matches,689c9cf4
171,Tony Jantschke,de GER,DFMF,M'Gladbach,32-216,1990,1.0,57,64,89.1,1031,282,18,19,94.7,33,36,91.7,5,8,62.5,0,0.0,0.0,0.0,0,0,0,0,1,Matches,34b54da7
172,Fredrik Jensen,fi FIN,FWMF,Augsburg,25-061,1997,6.2,107,195,54.9,2066,774,47,64,73.4,37,70,52.9,18,44,40.9,1,1.2,1.4,-0.2,11,16,7,2,15,Matches,3eeb80e0
173,Stevan Jovetić,me MNE,FWMF,Hertha BSC,33-007,1989,4.4,96,154,62.3,1689,659,48,76,63.2,34,50,68.0,11,14,78.6,2,0.8,0.3,+1.2,8,19,5,1,19,Matches,f36c432f
174,Anthony Jung,de GER,DFFW,Werder Bremen,31-006,1991,11.7,469,587,79.9,7388,2284,240,265,90.6,180,214,84.1,33,64,51.6,2,0.5,1.0,+1.5,11,25,13,6,28,Matches,de838f86
175,Ozan Kabak,tr TUR,DF,Hoffenheim,22-229,2000,12.0,546,643,84.9,9996,3289,201,222,90.5,305,341,89.4,35,59,59.3,1,0.5,0.2,+0.5,3,35,2,0,30,Matches,2d61d13a
176,Pavel Kadeřábek,cz CZE,DFFW,Hoffenheim,30-198,1992,6.1,226,323,70.0,3671,1439,121,147,82.3,91,122,74.6,12,40,30.0,0,0.5,0.8,-0.5,6,15,9,9,19,Matches,79c90e45
177,Florian Kainz,at AUT,MFFW,Köln,30-016,1992,9.6,235,401,58.6,4733,2149,86,100,86.0,100,151,66.2,44,115,38.3,4,4.1,3.7,-0.1,23,27,19,5,45,Matches,94c18565
178,Sasa Kalajdzic,at AUT,FW,Stuttgart,25-125,1997,2.6,40,63,63.5,689,172,19,30,63.3,14,22,63.6,4,5,80.0,3,0.6,0.3,+2.4,6,3,0,0,3,Matches,15f24fe7
179,Felix Kalu Nmecha,de GER,MF,Wolfsburg,22-030,2000,6.4,125,171,73.1,2067,636,64,81,79.0,49,61,80.3,8,19,42.1,1,0.6,0.4,+0.4,6,14,2,0,14,Matches,091c86e2
180,Daichi Kamada,jp JPN,MFFW,Eint Frankfurt,26-096,1996,8.7,350,432,81.0,5576,1520,182,205,88.8,130,150,86.7,24,49,49.0,2,1.2,1.3,+0.8,11,39,4,1,29,Matches,15b287da
181,Jakub Kamiński,pl POL,FWMF,Wolfsburg,20-157,2002,8.1,135,199,67.8,1909,664,76,95,80.0,44,61,72.1,5,13,38.5,2,1.0,0.9,+1.0,11,11,12,3,20,Matches,202b3b68
182,Marcin Kamiński,pl POL,DF,Schalke 04,30-298,1992,1.0,13,17,76.5,250,121,6,6,100.0,3,4,75.0,3,6,50.0,0,0.0,0.0,0.0,0,0,0,0,0,Matches,463503e2
183,Kevin Kampl,si SVN,MF,RB Leipzig,32-031,1990,6.9,422,467,90.4,7247,1822,194,213,91.1,182,193,94.3,36,42,85.7,0,0.3,0.6,-0.3,3,38,3,1,27,Matches,b825a650
184,Wilfried Kanga,ci CIV,FW,Hertha BSC,24-261,1998,9.4,96,150,64.0,1213,177,54,79,68.4,29,47,61.7,3,5,60.0,0,1.1,0.6,-1.1,15,6,3,1,6,Matches,b4c816a9
185,Kenan Karaman,tr TUR,FWMF,Schalke 04,28-249,1994,2.6,36,54,66.7,430,128,23,34,67.6,11,15,73.3,0,0,,0,0.1,0.2,-0.1,2,2,3,0,5,Matches,8f0f2230
186,Atakan Karazor,de GER,MF,Stuttgart,26-027,1996,4.4,157,190,82.6,2577,778,69,78,88.5,70,81,86.4,11,17,64.7,0,0.2,0.2,-0.2,4,12,1,0,11,Matches,5762be5c
187,Thomas Kastanaras,gr GRE,DF,Stuttgart,19-304,2003,0.1,1,1,100.0,2,0,0,0,,0,0,,0,0,,0,0.0,0.0,0.0,0,0,0,0,0,Matches,778ccc44
188,Silas Katompa,cd COD,FWDF,Stuttgart,24-034,1998,11.6,158,214,73.8,2506,671,83,102,81.4,61,77,79.2,9,16,56.3,2,1.0,1.6,+1.0,11,13,10,3,16,Matches,de4cac2d
189,Yannik Keitel,de GER,MF,Freiburg,22-267,2000,2.8,88,108,81.5,1471,289,48,52,92.3,28,37,75.7,11,15,73.3,1,0.0,0.2,+1.0,2,9,1,0,5,Matches,d2c580ce
190,Marc-Oliver Kempf,de GER,DF,Hertha BSC,27-285,1995,13.4,454,590,76.9,8637,3684,173,199,86.9,228,269,84.8,48,94,51.1,0,0.0,0.2,0.0,1,32,4,0,30,Matches,815c314f
191,Jonjoe Kenny,eng ENG,DF,Hertha BSC,25-239,1997,14.0,523,715,73.1,9880,4718,204,241,84.6,248,314,79.0,59,117,50.4,1,1.1,1.1,-0.1,10,55,7,5,45,Matches,099e666f
192,Rani Khedira,de GER,MF,Union Berlin,28-286,1994,12.5,291,389,74.8,4939,1120,133,158,84.2,130,166,78.3,22,45,48.9,0,0.2,0.3,-0.2,4,29,3,1,23,Matches,59e4b92e
193,Luca Kilian,de GER,DF,Köln,23-069,1999,10.2,469,549,85.4,9452,2685,106,125,84.8,310,327,94.8,48,81,59.3,0,0.0,0.1,0.0,1,29,0,0,25,Matches,610aa1e9
194,Joshua Kimmich,de GER,MF,Bayern Munich,27-274,1995,13.2,996,1190,83.7,19012,6511,414,444,93.2,410,464,88.4,152,241,63.1,3,3.2,3.9,-0.2,36,134,32,2,115,Matches,49296448
195,Lukas Klostermann,de GER,DF,RB Leipzig,26-159,1996,1.0,42,54,77.8,808,189,20,22,90.9,18,24,75.0,4,8,50.0,0,0.0,0.0,0.0,0,5,0,0,3,Matches,ca8033cb
196,Ansgar Knauff,de GER,DF,Eint Frankfurt,20-303,2002,5.6,165,252,65.5,2508,1006,82,104,78.8,68,96,70.8,9,25,36.0,0,0.1,0.3,-0.1,1,7,4,2,8,Matches,19a967ab
197,Robin Knoche,de GER,DF,Union Berlin,30-171,1992,12.0,498,611,81.5,10764,4241,132,148,89.2,284,310,91.6,79,134,59.0,0,0.1,0.1,-0.1,2,31,1,0,22,Matches,6bd5cd5d
198,Gregor Kobel,ch SUI,GK,Dortmund,24-338,1997,10.0,337,410,82.2,8536,5252,57,57,100.0,182,184,98.9,96,165,58.2,0,0.0,0.0,0.0,0,1,0,0,0,Matches,cd59b9df
199,Dominik Kohr,de GER,MF,Mainz 05,28-282,1994,11.1,382,514,74.3,6263,2098,183,218,83.9,160,204,78.4,26,65,40.0,0,0.3,0.6,-0.3,8,50,4,0,49,Matches,0fbecd11
200,Randal Kolo Muani,fr FRA,FWMF,Eint Frankfurt,23-339,1998,10.4,123,200,61.5,1664,345,72,103,69.9,33,54,61.1,7,13,53.8,7,2.4,1.8,+4.6,16,9,6,1,15,Matches,c0b3669f
201,Kouadio Koné,fr FRA,MF,M'Gladbach,21-176,2001,12.6,530,616,86.0,8346,2582,277,309,89.6,214,235,91.1,26,40,65.0,1,0.5,0.5,+0.5,9,57,7,0,56,Matches,86574238
202,Odilon Kossonou,ci CIV,DF,Leverkusen,21-309,2001,5.4,277,330,83.9,4448,1593,131,145,90.3,123,136,90.4,17,32,53.1,1,0.1,0.5,+0.9,2,25,2,1,17,Matches,1f3afdcb
203,Filip Kostić,rs SRB,DFMF,Eint Frankfurt,30-008,1992,0.8,23,40,57.5,469,260,8,11,72.7,12,16,75.0,3,11,27.3,0,0.1,0.1,-0.1,1,1,1,0,4,Matches,b1cd37e6
204,Tomáš Koubek,cz CZE,GK,Augsburg,30-075,1992,4.0,108,166,65.1,4145,3368,7,7,100.0,47,47,100.0,54,112,48.2,0,0.0,0.0,0.0,0,10,0,0,0,Matches,dc366c36
205,Alex Král,cz CZE,MF,Schalke 04,24-174,1998,8.0,186,260,71.5,3275,1063,75,102,73.5,81,99,81.8,20,38,52.6,0,0.1,0.2,-0.1,2,22,1,0,16,Matches,e717705a
206,Andrej Kramarić,hr CRO,FWMF,Hoffenheim,31-143,1991,9.6,281,358,78.5,4392,948,158,178,88.8,91,118,77.1,23,34,67.6,2,0.8,0.9,+1.2,13,39,12,1,31,Matches,603cb947
207,Christoph Kramer,de GER,MF,M'Gladbach,31-263,1991,12.7,542,657,82.5,7759,2272,314,346,90.8,175,210,83.3,23,41,56.1,0,1.2,1.3,-1.2,9,32,8,2,29,Matches,496aeede
208,Tom Krauß,de GER,MF,Schalke 04,21-140,2001,11.7,250,339,73.7,3767,1260,124,153,81.0,99,123,80.5,13,27,48.1,0,0.0,0.4,0.0,1,23,5,0,22,Matches,9f77012e
209,Max Kruse,de GER,MFFW,Wolfsburg,34-235,1988,3.0,90,121,74.4,1644,240,36,49,73.5,42,48,87.5,9,12,75.0,0,0.1,0.2,-0.1,3,4,3,1,8,Matches,f9446dcd
210,Lukas Kübler,de GER,DF,Freiburg,30-071,1992,2.9,101,157,64.3,1788,589,42,55,76.4,42,60,70.0,12,31,38.7,0,0.0,0.1,0.0,1,14,1,0,11,Matches,2a29eb9b
211,Daniel Kyereh,gh GHA,MFFW,Freiburg,26-246,1996,4.8,107,136,78.7,1222,200,78,93,83.9,18,22,81.8,2,5,40.0,0,0.1,0.3,-0.1,2,2,1,0,3,Matches,2770726a
212,Maxence Lacroix,fr FRA,DF,Wolfsburg,22-217,2000,8.9,478,555,86.1,10324,4153,108,121,89.3,298,317,94.0,68,104,65.4,0,0.1,0.1,-0.1,1,31,0,0,26,Matches,277c49ed
213,Konrad Laimer,at AUT,MF,RB Leipzig,25-166,1997,3.7,103,136,75.7,1517,490,59,66,89.4,31,40,77.5,7,15,46.7,0,0.3,0.2,-0.3,2,13,1,1,9,Matches,c1b7847c
214,Stefan Lainer,at AUT,DF,M'Gladbach,30-074,1992,0.3,15,21,71.4,213,36,7,9,77.8,5,6,83.3,1,2,50.0,0,0.0,0.0,0.0,0,1,0,0,0,Matches,4aea5077
215,Vassilis Lambropoulos,gr GRE,DF,Bochum,32-223,1990,4.3,111,160,69.4,2129,741,35,43,81.4,68,83,81.9,8,32,25.0,0,0.0,0.1,0.0,0,3,1,0,14,Matches,591477c9
216,Jordan Larsson,se SWE,FWMF,Schalke 04,25-142,1997,3.4,56,74,75.7,698,244,35,40,87.5,14,18,77.8,1,4,25.0,0,0.4,0.5,-0.4,3,3,5,0,8,Matches,72984eee
217,Danny Latza,de GER,MF,Schalke 04,32-337,1989,1.7,55,73,75.3,917,255,26,30,86.7,22,27,81.5,5,6,83.3,0,0.0,0.0,0.0,0,3,1,1,7,Matches,33b554b7
218,Diogo Leite,pt POR,DF,Union Berlin,23-290,1999,11.0,489,612,79.9,10476,3852,138,164,84.1,269,302,89.1,78,131,59.5,1,0.4,0.5,+0.6,4,51,2,0,41,Matches,c4987edc
219,Maxim Leitsch,de GER,DF,Mainz 05,24-175,1998,6.9,234,303,77.2,4371,1548,100,121,82.6,106,130,81.5,25,43,58.1,0,0.0,0.1,0.0,1,14,0,0,17,Matches,7e12a98d
220,Tim Lemperle,de GER,FW,Köln,20-277,2002,0.4,10,16,62.5,120,11,7,8,87.5,2,4,50.0,0,1,0.0,0,0.3,0.7,-0.3,1,0,0,0,0,Matches,792ffa71
221,Christopher Lenz,de GER,DF,Eint Frankfurt,28-048,1994,5.2,207,277,74.7,3723,1519,96,109,88.1,75,93,80.6,30,58,51.7,2,0.9,1.3,+1.1,9,20,8,5,15,Matches,bbd86530
222,Jamie Leweling,de GER,FW,Union Berlin,21-256,2001,1.3,16,22,72.7,247,29,7,9,77.8,3,6,50.0,3,3,100.0,1,0.2,0.2,+0.8,1,0,1,1,0,Matches,13fe7b69
223,Philipp Lienhart,at AUT,DF,Freiburg,26-121,1996,13.0,631,742,85.0,14018,3973,134,150,89.3,407,439,92.7,88,141,62.4,0,0.3,0.3,-0.3,2,29,0,0,26,Matches,302527b2
224,Matthijs de Ligt,nl NED,DF,Bayern Munich,23-089,1999,8.2,553,606,91.3,10174,3967,201,216,93.1,317,335,94.6,33,46,71.7,0,0.1,0.2,-0.1,2,39,1,0,28,Matches,d6e53a3a
225,Jesper Lindstrøm,dk DEN,MFFW,Eint Frankfurt,22-253,2000,8.6,132,214,61.7,1686,434,76,103,73.8,36,57,63.2,5,19,26.3,0,1.1,1.7,-1.1,8,4,9,1,12,Matches,37dc1a48
226,Dejan Ljubicic,at AUT,MF,Köln,25-032,1997,6.2,155,201,77.1,2649,715,78,91,85.7,54,66,81.8,19,27,70.4,0,0.6,0.8,-0.6,10,15,8,2,22,Matches,c455a2b2
227,Anthony Losilla,fr FRA,MF,Bochum,36-244,1986,13.8,325,459,70.8,5579,1709,140,180,77.8,138,188,73.4,31,56,55.4,0,0.1,0.3,-0.1,4,27,3,2,33,Matches,07c7eb0c
228,Dodi Lukebakio,be BEL,FWMF,Hertha BSC,25-046,1997,13.2,212,308,68.8,3305,765,120,160,75.0,51,78,65.4,27,40,67.5,1,2.0,3.0,-1.0,11,8,14,4,16,Matches,0c61c77c
229,Andrey Lunyov,ru RUS,GK,Leverkusen,30-361,1991,1.0,35,44,79.5,880,702,9,9,100.0,17,19,89.5,9,16,56.3,0,0.0,0.0,0.0,0,1,0,0,0,Matches,8a6ab963
230,Arne Maier,de GER,MF,Augsburg,23-305,1999,4.9,125,169,74.0,2087,570,64,77,83.1,43,55,78.2,13,20,65.0,0,0.2,0.5,-0.2,5,8,1,0,8,Matches,ab700320
231,Linton Maina,de GER,FWMF,Köln,23-139,1999,7.2,118,172,68.6,1867,479,64,79,81.0,43,56,76.8,8,15,53.3,3,1.4,1.5,+1.6,12,12,11,6,16,Matches,e5d85da8
232,Donyell Malen,nl NED,FW,Dortmund,23-294,1999,6.7,151,209,72.2,2344,654,77,91,84.6,49,65,75.4,15,33,45.5,1,1.6,2.0,-0.6,13,13,9,4,9,Matches,864163f3
233,Sadio Mané,sn SEN,FW,Bayern Munich,30-213,1992,10.1,204,281,72.6,3024,873,124,152,81.6,64,80,80.0,11,17,64.7,3,1.5,1.7,+1.5,12,10,22,3,32,Matches,c691bfe2
234,Myziane Maolida,fr FRA,FWMF,Hertha BSC,23-268,1999,0.8,3,9,33.3,43,6,1,3,33.3,2,5,40.0,0,0,,0,0.0,0.0,0.0,0,0,0,0,0,Matches,706a60e1
235,Omar Marmoush,eg EGY,FWMF,Wolfsburg,23-275,1999,7.5,127,205,62.0,1840,490,78,113,69.0,33,52,63.5,11,18,61.1,0,0.4,0.7,-0.4,4,15,6,1,14,Matches,0e0102eb
236,Eric Martel,de GER,MF,Köln,20-194,2002,6.8,221,280,78.9,3756,891,92,109,84.4,113,133,85.0,14,27,51.9,0,0.4,0.5,-0.4,3,16,5,2,17,Matches,92a16062
237,Aarón Martín,es ESP,DF,Mainz 05,25-201,1997,12.2,481,632,76.1,7923,3239,252,275,91.6,175,218,80.3,45,107,42.1,2,1.5,1.9,+0.5,16,55,20,12,50,Matches,2f3e911a
238,Erhan Mašović,rs SRB,DF,Bochum,23-352,1998,7.9,285,342,83.3,5724,1846,85,94,90.4,167,183,91.3,30,56,53.6,0,0.3,0.1,-0.3,5,19,0,0,16,Matches,a396fb61
239,Henning Matriciani,de GER,DF,Schalke 04,22-240,2000,5.7,167,236,70.8,3223,1226,56,70,80.0,94,121,77.7,15,33,45.5,0,0.1,0.1,-0.1,1,7,1,1,8,Matches,ab3f1bdf
240,Konstantinos Mavropanos,gr GRE,DF,Stuttgart,24-333,1997,12.7,560,701,79.9,12321,4521,176,213,82.6,270,303,89.1,112,165,67.9,1,0.9,0.7,+0.1,8,41,9,1,45,Matches,00963611
241,Eric Maxim Choupo-Moting,cm CMR,FW,Bayern Munich,33-231,1989,4.8,89,118,75.4,1058,336,59,73,80.8,18,23,78.3,2,4,50.0,2,0.9,1.0,+1.1,7,11,7,1,15,Matches,0e6bc38c
242,Noussair Mazraoui,ma MAR,DF,Bayern Munich,24-360,1997,6.2,383,443,86.5,5462,1973,232,259,89.6,133,149,89.3,10,20,50.0,3,0.8,0.7,+2.2,10,27,6,2,26,Matches,b74277a0
243,Thomas Meunier,be BEL,DF,Dortmund,31-058,1991,6.3,313,421,74.3,5492,2050,142,169,84.0,125,163,76.7,34,58,58.6,0,0.6,0.8,-0.6,6,27,11,5,27,Matches,e162b013
244,Alexander Meyer,de GER,GK,Dortmund,31-210,1991,4.0,175,196,89.3,4158,2540,36,37,97.3,94,94,100.0,45,63,71.4,0,0.0,0.0,0.0,0,0,0,0,0,Matches,b56dd813
245,Sven Michel,de GER,FWMF,Union Berlin,32-117,1990,2.0,43,79,54.4,574,132,23,35,65.7,11,18,61.1,3,9,33.3,0,0.0,0.1,0.0,1,1,3,1,4,Matches,1e274a0a
246,Enzo Millot,fr FRA,MFDF,Stuttgart,20-115,2002,3.0,96,121,79.3,1358,378,52,58,89.7,35,44,79.5,3,8,37.5,0,0.2,0.6,-0.2,3,9,2,0,4,Matches,f76022e7
247,Maximilian Mittelstädt,de GER,DF,Hertha BSC,25-236,1997,3.2,112,157,71.3,1772,892,62,69,89.9,38,58,65.5,8,25,32.0,0,0.6,0.6,-0.6,5,9,4,2,14,Matches,88d4144a
248,Anthony Modeste,fr FRA,FW,Dortmund,34-209,1988,7.7,59,101,58.4,751,135,31,48,64.6,18,33,54.5,1,3,33.3,1,0.6,0.4,+0.4,6,4,4,1,5,Matches,34e4343c
249,Tobias Mohr,de GER,DFMF,Schalke 04,27-077,1995,6.0,222,350,63.4,4585,2005,82,102,80.4,91,126,72.2,42,96,43.8,2,0.6,0.9,+1.4,11,18,6,2,21,Matches,9ec9c8b6
250,Clinton Mola,eng ENG,DF,Stuttgart,21-239,2001,0.2,3,6,50.0,52,24,1,1,100.0,2,3,66.7,0,1,0.0,0,0.0,0.0,0.0,0,0,0,0,0,Matches,29ddfb9c
251,Florent Mollet,fr FRA,MF,Schalke 04,30-355,1991,4.1,100,136,73.5,1427,374,53,64,82.8,33,39,84.6,4,13,30.8,0,0.3,0.5,-0.3,3,11,1,1,6,Matches,7e82a78f
252,Youssoufa Moukoko,de GER,FW,Dortmund,17-354,2004,7.5,80,114,70.2,1046,191,45,56,80.4,22,31,71.0,4,6,66.7,3,0.8,0.6,+2.2,6,3,4,0,7,Matches,6ce43701
253,Florian Müller,de GER,GK,Stuttgart,24-361,1997,14.0,441,535,82.4,11195,8024,110,111,99.1,210,214,98.1,117,205,57.1,0,0.1,0.1,-0.1,2,6,1,0,2,Matches,cbac6ec9
254,Thomas Müller,de GER,FWMF,Bayern Munich,33-057,1989,6.5,224,298,75.2,3156,922,120,142,84.5,79,103,76.7,10,22,45.5,3,2.8,2.4,+0.2,15,11,8,0,33,Matches,3c6089ab
255,Jamal Musiala,de GER,MFFW,Bayern Munich,19-256,2003,10.2,338,411,82.2,4606,1045,209,238,87.8,104,119,87.4,10,18,55.6,4,3.2,2.2,+0.8,23,25,15,0,34,Matches,2c0558b8
256,Suliman Mustapha,at AUT,FWMF,Mainz 05,21-169,2001,0.8,10,19,52.6,137,57,6,10,60.0,3,7,42.9,0,0,,0,0.0,0.0,0.0,0,1,1,0,2,Matches,9ff8ec4a
257,Obite N'Dicka,fr FRA,DF,Eint Frankfurt,23-081,1999,12.9,606,696,87.1,10883,4349,231,251,92.0,322,357,90.2,47,72,65.3,0,0.0,0.1,0.0,1,14,2,0,24,Matches,441197b8
258,Nathan N'Goumou,fr FRA,FWMF,M'Gladbach,22-240,2000,1.9,43,58,74.1,565,212,30,36,83.3,7,10,70.0,3,4,75.0,0,0.1,0.2,-0.1,1,0,1,1,0,Matches,e110ea4b
259,Stanley N'Soki,fr FRA,DF,Hoffenheim,23-214,1999,7.1,335,415,80.7,6122,2627,139,158,88.0,159,186,85.5,31,58,53.4,0,0.2,0.2,-0.2,1,31,1,0,26,Matches,61590953
260,Nikolas Nartey,dk DEN,MF,Stuttgart,22-260,2000,0.5,19,25,76.0,375,185,10,13,76.9,5,6,83.3,4,5,80.0,0,0.2,0.1,-0.2,2,5,2,0,6,Matches,30261ba1
261,Luca Netz,de GER,DFFW,M'Gladbach,19-178,2003,1.6,40,56,71.4,599,189,19,20,95.0,18,26,69.2,1,6,16.7,0,0.0,0.0,0.0,0,0,0,0,0,Matches,e79269bd
262,Manuel Neuer,de GER,GK,Bayern Munich,36-227,1986,11.0,412,466,88.4,9841,6790,82,82,100.0,220,223,98.7,110,161,68.3,0,0.0,0.0,0.0,0,1,0,0,1,Matches,8778c910
263,Florian Neuhaus,de GER,MF,M'Gladbach,25-238,1997,5.2,125,167,74.9,2043,765,60,73,82.2,49,65,75.4,10,18,55.6,0,1.4,0.8,-1.4,7,15,6,1,21,Matches,36a59ba4
264,Florian Niederlechner,de GER,FW,Augsburg,32-016,1990,8.1,92,154,59.7,1380,307,46,71,64.8,34,49,69.4,4,10,40.0,1,0.4,0.5,+0.6,4,8,4,0,9,Matches,d6862409
265,Justin Njinmah,de GER,FW,Dortmund,21-359,2000,0.2,0,2,0.0,0,0,0,0,,0,0,,0,0,,0,0.0,0.0,0.0,0,0,0,0,0,Matches,a45241d5
266,Christopher Nkunku,fr FRA,FWMF,RB Leipzig,24-360,1997,12.2,310,385,80.5,4841,1283,174,202,86.1,86,98,87.8,32,50,64.0,0,2.0,1.8,-2.0,26,25,16,2,35,Matches,7c56da38
267,Lukas Nmecha,de GER,FW,Wolfsburg,23-330,1998,9.1,119,181,65.7,1750,293,62,82,75.6,37,56,66.1,9,11,81.8,0,0.3,0.3,-0.3,4,17,4,0,9,Matches,0cc5f4a5
268,Hugo Novoa,es ESP,DFFW,RB Leipzig,19-289,2003,2.0,77,108,71.3,1064,275,48,53,90.6,23,33,69.7,2,7,28.6,0,0.0,0.1,0.0,2,1,0,0,2,Matches,5458f670
269,Ørjan Nyland,no NOR,GK,RB Leipzig,32-060,1990,1.0,27,30,90.0,779,469,6,6,100.0,11,11,100.0,10,13,76.9,0,0.0,0.0,0.0,0,2,0,0,0,Matches,bdedffac
270,Tim Oermann,de GER,DF,Bochum,19-034,2003,2.2,39,51,76.5,738,268,14,16,87.5,18,19,94.7,6,12,50.0,0,0.0,0.0,0.0,0,1,0,0,0,Matches,57ec75bf
271,Finn Ole Becker,de GER,FW,Hoffenheim,22-154,2000,0.0,0,0,,0,0,0,0,,0,0,,0,0,,0,0.0,0.0,0.0,0,0,0,0,0,Matches,dd2e62da
272,Mathias Olesen,lu LUX,MF,Köln,21-233,2001,1.1,17,24,70.8,338,63,8,11,72.7,6,8,75.0,3,4,75.0,0,0.1,0.0,-0.1,1,1,0,0,3,Matches,86adbcc7
273,Dani Olmo,es ESP,MF,RB Leipzig,24-186,1998,5.0,185,241,76.8,2594,760,98,112,87.5,58,76,76.3,11,21,52.4,2,1.9,2.2,+0.1,16,15,9,1,21,Matches,ae44e8e2
274,Karim Onisiwo,at AUT,FWMF,Mainz 05,30-237,1992,12.6,174,299,58.2,2512,552,96,148,64.9,62,91,68.1,6,17,35.3,0,1.2,1.7,-1.2,15,18,10,3,20,Matches,f26834c7
275,Willi Orban,hu HUN,DF,RB Leipzig,30-006,1992,13.0,848,968,87.6,17407,6440,210,236,89.0,522,555,94.1,111,160,69.4,0,0.1,0.3,-0.1,2,53,0,0,46,Matches,20030c06
276,Ivan Ordets,ua UKR,DF,Bochum,30-124,1992,10.5,306,402,76.1,6186,1974,79,105,75.2,187,217,86.2,34,66,51.5,0,0.2,0.3,-0.2,2,7,1,0,13,Matches,86c75897
277,Jordi Osei-Tutu,eng ENG,FWDF,Bochum,24-038,1998,5.3,93,128,72.7,1407,538,53,61,86.9,29,38,76.3,8,16,50.0,0,0.1,0.1,-0.1,3,6,1,0,6,Matches,0a16eb36
278,Patrick Osterhage,de GER,MFFW,Bochum,22-281,2000,3.6,85,124,68.5,1075,329,54,69,78.3,23,32,71.9,2,6,33.3,0,0.2,0.2,-0.2,3,3,2,0,8,Matches,9662c9ec
279,Paulo Otávio,br BRA,DF,Wolfsburg,27-351,1994,11.5,463,623,74.3,8583,3456,190,223,85.2,225,271,83.0,44,103,42.7,4,1.3,1.7,+2.7,10,39,13,9,39,Matches,1cbe4984
280,Thomas Ouwejan,nl NED,DF,Schalke 04,26-040,1996,8.2,260,430,60.5,4998,2694,104,130,80.0,119,167,71.3,32,101,31.7,1,1.2,1.6,-0.2,16,20,12,5,28,Matches,36d9dabe
281,Reece Oxford,eng ENG,MF,Augsburg,23-328,1998,0.1,1,2,50.0,3,2,0,0,,0,0,,0,1,0.0,0,0.0,0.0,0.0,0,0,0,0,0,Matches,8b6e0db2
282,Salih Özcan,tr TUR,MF,Dortmund,24-302,1998,9.5,489,560,87.3,8021,2171,228,252,90.5,195,221,88.2,41,54,75.9,1,0.3,0.3,+0.7,5,43,4,1,29,Matches,15413fa5
283,Levin Öztunalı,de GER,MF,Union Berlin,26-239,1996,0.1,0,0,,0,0,0,0,,0,0,,0,0,,0,0.0,0.0,0.0,0,0,0,0,0,Matches,66385c46
284,Exequiel Palacios,ar ARG,MF,Leverkusen,24-035,1998,4.6,236,279,84.6,3629,1076,117,137,85.4,94,104,90.4,11,16,68.8,0,0.2,0.4,-0.2,4,27,5,1,24,Matches,e82adcab
285,Miloš Pantović,rs SRB,MF,Union Berlin,26-125,1996,1.8,39,60,65.0,574,203,22,27,81.5,12,21,57.1,3,7,42.9,0,0.0,0.2,0.0,0,2,2,1,3,Matches,5dc15574
286,Kevin Paredes,us USA,MFFW,Wolfsburg,19-186,2003,2.0,40,53,75.5,512,153,22,27,81.5,14,17,82.4,1,2,50.0,0,0.1,0.2,-0.1,2,2,5,0,7,Matches,5c50fdbc
287,Marco Pašalić,hr CRO,MF,Dortmund,22-056,2000,0.1,6,7,85.7,69,32,4,4,100.0,2,3,66.7,0,0,,0,0.0,0.0,0.0,0,2,0,0,1,Matches,1866b0f1
288,Felix Passlack,de GER,DF,Dortmund,24-164,1998,0.5,21,28,75.0,459,191,7,9,77.8,10,11,90.9,4,7,57.1,0,0.0,0.0,0.0,1,1,1,1,3,Matches,5c899683
289,Paulinho,br BRA,FW,Leverkusen,22-117,2000,0.9,23,28,82.1,279,86,16,19,84.2,5,6,83.3,0,0,,0,0.0,0.0,0.0,0,1,0,0,3,Matches,53070b63
290,Benjamin Pavard,fr FRA,DF,Bayern Munich,26-226,1996,10.3,754,871,86.6,12856,4613,346,383,90.3,350,391,89.5,51,77,66.2,0,1.6,1.9,-1.6,12,66,11,5,53,Matches,45a03961
291,Jiří Pavlenka,cz CZE,GK,Werder Bremen,30-209,1992,13.3,363,520,69.8,11697,8966,55,56,98.2,147,150,98.0,161,312,51.6,0,0.0,0.0,0.0,0,6,0,0,0,Matches,0a1cb833
292,Kristian Pedersen,dk DEN,DF,Köln,28-097,1994,3.0,115,161,71.4,2084,969,45,54,83.3,55,73,75.3,12,23,52.2,0,0.1,0.0,-0.1,2,6,1,0,7,Matches,5154b2ba
293,Mads Pedersen,dk DEN,DFMF,Augsburg,26-069,1996,7.7,171,262,65.3,2790,894,88,110,80.0,61,99,61.6,15,32,46.9,0,0.4,0.3,-0.4,6,7,8,4,11,Matches,582a5247
294,Jordan Pefok,us USA,FW,Union Berlin,26-197,1996,9.3,80,157,51.0,918,261,52,78,66.7,15,41,36.6,3,10,30.0,4,0.9,0.6,+3.1,12,8,6,0,10,Matches,b684a484
295,Peter Pekarík,sk SVK,DF,Hertha BSC,36-010,1986,0.1,3,3,100.0,35,34,3,3,100.0,0,0,,0,0,,0,0.0,0.0,0.0,0,0,0,0,0,Matches,c18d22f5
296,Luca Pellegrini,it ITA,DF,Eint Frankfurt,23-247,1999,5.7,274,395,69.4,4965,1913,129,150,86.0,99,125,79.2,38,83,45.8,0,0.8,0.8,-0.8,7,16,3,1,17,Matches,3b61c9ec
297,Ricardo Pepi,us USA,FW,Augsburg,19-304,2003,1.1,18,27,66.7,223,7,10,15,66.7,6,7,85.7,0,0,,0,0.1,0.0,-0.1,2,0,0,0,0,Matches,a2b1ed42
298,Juan Perea,co COL,FWDF,Stuttgart,22-259,2000,1.2,16,22,72.7,224,81,11,12,91.7,3,5,60.0,1,2,50.0,0,0.6,0.4,-0.6,1,3,1,1,3,Matches,ff3d391c
299,Nils Petersen,de GER,FW,Freiburg,33-338,1988,1.6,16,31,51.6,202,16,10,16,62.5,3,10,30.0,2,3,66.7,0,0.0,0.0,0.0,1,0,1,0,1,Matches,f93e6e94
300,Lukas Petkov,de GER,MFFW,Augsburg,22-008,2000,1.2,13,28,46.4,222,77,6,12,50.0,4,8,50.0,2,5,40.0,0,0.0,0.0,0.0,0,2,0,0,2,Matches,f503ef6e
301,Luca Pfeiffer,de GER,FW,Stuttgart,26-081,1996,4.2,70,115,60.9,1076,326,39,55,70.9,21,35,60.0,6,11,54.5,0,0.7,0.8,-0.7,8,4,2,1,8,Matches,83e1f40e
302,Maximilian Philipp,de GER,FW,Wolfsburg,28-253,1994,1.0,26,40,65.0,421,59,16,18,88.9,7,9,77.8,2,9,22.2,0,0.0,0.1,0.0,1,1,1,0,2,Matches,061e8e23
303,Amos Pieper,de GER,DF,Werder Bremen,24-296,1998,11.4,468,602,77.7,9611,3746,132,164,80.5,252,287,87.8,80,135,59.3,1,0.2,0.5,+0.8,2,40,6,2,37,Matches,526ea7cc
304,Marvin Plattenhardt,de GER,DF,Hertha BSC,30-287,1992,10.8,360,537,67.0,6124,3166,179,196,91.3,136,202,67.3,37,108,34.3,1,1.7,2.1,-0.7,16,19,3,2,34,Matches,f7aa75bd
305,Alassane Pléa,fr FRA,FW,M'Gladbach,29-244,1993,9.2,248,365,67.9,4036,1717,132,156,84.6,73,115,63.5,27,53,50.9,7,2.3,3.1,+4.7,20,45,20,4,45,Matches,bc6bd723
306,Joel Pohjanpalo,fi FIN,FWMF,Leverkusen,28-057,1994,0.0,0,1,0.0,0,0,0,0,,0,0,,0,1,0.0,0,0.0,0.0,0.0,0,0,0,0,0,Matches,ea003d07
307,Sebastian Polter,de GER,FWMF,Schalke 04,31-222,1991,5.1,59,112,52.7,768,179,34,56,60.7,18,32,56.3,1,4,25.0,2,0.4,0.4,+1.6,5,3,3,0,3,Matches,3745e8bd
308,Stefan Posch,at AUT,DF,Hoffenheim,25-179,1997,0.2,8,12,66.7,163,27,1,3,33.3,6,6,100.0,1,2,50.0,0,0.0,0.0,0.0,0,0,0,0,1,Matches,7f609bfc
309,Yussuf Poulsen,dk DEN,FW,RB Leipzig,28-147,1994,1.3,11,26,42.3,118,25,3,9,33.3,4,9,44.4,0,2,0.0,0,0.2,0.6,-0.2,2,1,0,0,1,Matches,d2416c2e
310,Grischa Prömel,de GER,MF,Hoffenheim,27-304,1995,11.9,273,347,78.7,4286,961,148,172,86.0,99,116,85.3,18,33,54.5,1,1.1,0.7,-0.1,8,19,3,1,21,Matches,924f9191
311,Tymoteusz Puchacz,pl POL,DF,Union Berlin,23-290,1999,0.6,22,36,61.1,367,71,12,15,80.0,8,12,66.7,2,7,28.6,0,0.0,0.0,0.0,1,0,0,0,1,Matches,c68b1b13
312,Nicolai Rapp,de GER,MF,Werder Bremen,25-331,1996,0.6,32,41,78.0,576,205,14,16,87.5,13,16,81.3,3,6,50.0,0,0.0,0.0,0.0,0,2,0,0,1,Matches,c8b3a472
313,David Raum,de GER,DFFW,RB Leipzig,24-201,1998,10.4,450,601,74.9,7592,2258,219,244,89.8,177,222,79.7,41,98,41.8,1,1.7,1.6,-0.7,15,20,10,6,33,Matches,7d450ed3
314,Rocco Reitz,de GER,MF,M'Gladbach,20-164,2002,0.0,2,2,100.0,30,0,1,1,100.0,1,1,100.0,0,0,,0,0.0,0.0,0.0,0,0,0,0,0,Matches,cc971106
315,Marco Reus,de GER,MF,Dortmund,33-162,1989,7.1,170,228,74.6,2177,552,96,119,80.7,55,63,87.3,4,15,26.7,2,0.6,0.3,+1.4,7,11,2,0,8,Matches,36a3ff67
316,Elvis Rexhbeçaj,de GER,MF,Augsburg,25-008,1997,11.7,183,309,59.2,3124,1295,81,114,71.1,76,114,66.7,17,49,34.7,0,0.4,0.3,-0.4,4,28,5,1,31,Matches,1ae836b1
317,Gio Reyna,us USA,FWMF,Dortmund,19-361,2002,3.6,97,135,71.9,1527,357,50,62,80.6,33,48,68.8,6,10,60.0,0,0.6,0.7,-0.6,6,5,7,2,9,Matches,7fa4e703
318,Marco Richter,de GER,MFFW,Hertha BSC,24-350,1997,4.9,77,126,61.1,1151,352,39,48,81.3,29,46,63.0,4,13,30.8,2,0.1,0.2,+1.9,2,5,4,1,7,Matches,f972644c
319,Manuel Riemann,de GER,GK,Bochum,34-061,1988,14.0,450,734,61.3,17352,14729,40,41,97.6,140,145,96.6,270,540,50.0,0,0.0,0.4,0.0,1,55,5,1,13,Matches,9f941969
320,Sebastian Rode,de GER,MF,Eint Frankfurt,32-029,1990,6.3,279,328,85.1,4530,1372,140,153,91.5,108,120,90.0,23,36,63.9,1,0.6,0.6,+0.4,6,36,3,0,25,Matches,e12b0b5b
321,Agustín Rogel,uy URU,DF,Hertha BSC,25-023,1997,6.5,212,277,76.5,4378,1731,53,66,80.3,128,148,86.5,28,55,50.9,0,0.0,0.0,0.0,0,5,0,0,10,Matches,ea42c03f
322,Tom Rothe,de GER,DF,Dortmund,18-011,2004,0.2,9,11,81.8,154,18,3,4,75.0,6,6,100.0,0,1,0.0,0,0.0,0.0,0.0,0,0,0,0,1,Matches,90c1f9a4
323,Jérôme Roussillon,fr FRA,MFFW,Wolfsburg,29-307,1993,0.2,3,6,50.0,40,5,2,3,66.7,1,3,33.3,0,0,,0,0.0,0.0,0.0,1,0,0,0,0,Matches,13203c45
324,Sebastian Rudy,de GER,MF,Hoffenheim,32-254,1990,2.8,106,145,73.1,2029,705,38,47,80.9,49,59,83.1,15,28,53.6,1,0.3,0.3,+0.7,4,11,2,2,11,Matches,80f36c88
325,Georginio Rutter,fr FRA,FW,Hoffenheim,20-203,2002,9.6,84,137,61.3,1339,417,46,67,68.7,27,45,60.0,8,9,88.9,2,2.3,3.0,-0.3,9,10,9,0,23,Matches,c64c01fc
326,Julian Ryerson,no NOR,DF,Union Berlin,24-357,1997,9.7,285,415,68.7,4468,1651,156,181,86.2,98,136,72.1,21,65,32.3,0,0.3,1.4,-0.3,5,17,8,4,18,Matches,009a4f60
327,Frederik Rønnow,dk DEN,GK,Union Berlin,30-097,1992,11.0,317,449,70.6,9563,7468,50,50,100.0,164,164,100.0,102,232,44.0,0,0.0,0.1,0.0,1,17,2,0,0,Matches,a70b8345
328,Marcel Sabitzer,at AUT,MF,Bayern Munich,28-237,1994,6.8,396,454,87.2,6116,1647,207,226,91.6,156,174,89.7,19,31,61.3,1,0.4,0.6,+0.6,6,36,5,0,36,Matches,e280527c
329,Roland Sallai,hu HUN,MFFW,Freiburg,25-171,1997,3.5,57,88,64.8,768,153,35,46,76.1,16,28,57.1,2,5,40.0,0,0.3,0.2,-0.3,6,5,3,2,3,Matches,bf075f6b
330,Diadie Samassékou,ml MLI,MFFW,Hoffenheim,26-302,1996,0.4,17,20,85.0,252,66,6,7,85.7,10,11,90.9,0,1,0.0,0,0.0,0.0,0.0,0,2,0,0,1,Matches,08593525
331,Leroy Sané,de GER,MFFW,Bayern Munich,26-302,1996,8.7,349,425,82.1,4515,1224,224,256,87.5,98,115,85.2,10,21,47.6,3,2.5,2.8,+0.5,17,17,24,0,38,Matches,2b114be3
332,Joe Scally,us USA,DF,M'Gladbach,19-313,2002,13.4,501,636,78.8,7917,2210,265,304,87.2,200,230,87.0,33,64,51.6,0,0.9,1.6,-0.9,6,15,10,5,23,Matches,236f02cd
333,Kevin Schade,de GER,FWMF,Freiburg,20-347,2001,1.6,18,45,40.0,201,83,11,21,52.4,4,9,44.4,0,1,0.0,0,0.0,0.0,0.0,0,5,1,0,2,Matches,52afb588
334,András Schäfer,hu HUN,MF,Union Berlin,23-210,1999,7.8,160,213,75.1,2454,532,86,104,82.7,62,74,83.8,7,19,36.8,0,0.2,0.6,-0.2,3,20,2,1,11,Matches,049751d7
335,Derry Scherhant,de GER,FW,Hertha BSC,19-364,2002,0.4,5,7,71.4,39,0,2,3,66.7,1,1,100.0,0,0,,0,0.0,0.0,0.0,0,0,0,0,0,Matches,93cba339
336,Patrik Schick,cz CZE,FW,Leverkusen,26-289,1996,9.5,158,227,69.6,1918,406,102,141,72.3,40,59,67.8,3,5,60.0,0,0.5,0.4,-0.5,9,3,7,1,11,Matches,5d4f7d61
337,Kingsley Schindler,de GER,MFDF,Köln,29-120,1993,4.7,128,206,62.1,2315,1032,50,63,79.4,59,88,67.0,14,31,45.2,0,0.1,0.2,-0.1,3,15,6,1,20,Matches,bd527260
338,Xaver Schlager,at AUT,MF,RB Leipzig,25-042,1997,7.2,333,388,85.8,5883,1794,155,171,90.6,140,156,89.7,36,51,70.6,0,0.1,0.4,-0.1,1,39,2,1,18,Matches,8f056768
339,Keven Schlotterbeck,de GER,DF,Freiburg,25-195,1997,0.2,6,6,100.0,87,17,3,3,100.0,3,3,100.0,0,0,,0,0.0,0.0,0.0,0,0,0,0,0,Matches,f6bdc830
340,Nico Schlotterbeck,de GER,DF,Dortmund,22-343,1999,13.6,857,996,86.0,17221,6495,307,335,91.6,426,456,93.4,117,183,63.9,2,0.3,0.7,+1.7,5,75,5,0,71,Matches,34e12499
341,Romano Schmid,at AUT,MF,Werder Bremen,22-286,2000,9.4,306,418,73.2,4592,1613,173,219,79.0,94,116,81.0,25,44,56.8,1,0.8,1.3,+0.2,12,34,13,2,36,Matches,220ace7e
342,Niklas Schmidt,de GER,MF,Werder Bremen,24-253,1998,2.2,74,103,71.8,1484,446,30,41,73.2,27,34,79.4,15,21,71.4,0,0.2,0.3,-0.2,1,10,2,0,11,Matches,b9ae8560
343,Benno Schmitz,de GER,DF,Köln,27-357,1994,10.3,337,542,62.2,6035,3020,145,179,81.0,152,233,65.2,37,91,40.7,0,1.3,1.7,-1.3,10,31,19,12,41,Matches,ad00b1a8
344,Marvin Schwäbe,de GER,GK,Köln,27-198,1995,13.0,437,542,80.6,11092,6950,79,80,98.8,258,261,98.9,100,200,50.0,0,0.0,0.0,0.0,0,7,1,0,0,Matches,87436846
345,Alexander Schwolow,de GER,GK,Schalke 04,30-160,1992,13.0,300,475,63.2,10221,8411,50,51,98.0,116,118,98.3,132,301,43.9,0,0.1,0.1,-0.1,1,17,1,0,0,Matches,0d55d942
346,Paul Seguin,de GER,MF,Union Berlin,27-225,1995,1.0,56,69,81.2,887,171,22,28,78.6,29,31,93.5,1,3,33.3,1,0.5,0.3,+0.5,3,2,2,1,4,Matches,8872ed17
347,Davie Selke,de GER,FW,Hertha BSC,27-293,1995,3.1,36,60,60.0,396,142,21,29,72.4,8,15,53.3,0,0,,1,0.9,0.6,+0.1,4,4,0,0,4,Matches,1238a3f9
348,Suat Serdar,de GER,MF,Hertha BSC,25-212,1997,10.7,226,318,71.1,4176,1235,97,125,77.6,103,129,79.8,25,38,65.8,0,0.5,0.5,-0.5,9,30,6,0,32,Matches,b3325a30
349,Kiliann Sildillia,fr FRA,DF,Freiburg,20-177,2002,10.9,321,478,67.2,6097,2514,135,175,77.1,116,183,63.4,59,83,71.1,2,0.5,1.0,+1.5,5,26,3,3,27,Matches,313254a3
350,André Silva,pt POR,FW,RB Leipzig,27-003,1995,7.0,130,183,71.0,1607,316,87,109,79.8,30,42,71.4,2,4,50.0,0,0.9,1.2,-0.9,10,5,5,0,10,Matches,3effaa34
351,Mohamed Simakan,fr FRA,DF,RB Leipzig,22-190,2000,6.4,412,487,84.6,7117,2403,195,206,94.7,177,200,88.5,34,59,57.6,1,0.3,0.3,+0.7,2,34,5,1,29,Matches,fcb27134
352,Eduardo Simões,pt POR,DF,Hoffenheim,20-252,2002,0.5,38,42,90.5,683,213,15,15,100.0,21,24,87.5,2,3,66.7,0,0.0,0.0,0.0,0,2,1,0,5,Matches,7ec723b7
353,Daley Sinkgraven,nl NED,DFFW,Leverkusen,27-128,1995,1.9,61,82,74.4,985,252,36,40,90.0,18,27,66.7,6,13,46.2,1,0.7,0.0,+0.3,2,4,0,0,3,Matches,73000a79
354,Tobias Sippel,de GER,GK,M'Gladbach,34-232,1988,3.0,91,139,65.5,1991,1376,30,30,100.0,43,43,100.0,17,65,26.2,0,0.0,0.0,0.0,0,1,0,0,0,Matches,0d8a37c2
355,Hugo Siquet,be BEL,DF,Freiburg,20-123,2002,0.2,5,7,71.4,59,44,4,4,100.0,1,3,33.3,0,0,,0,0.0,0.0,0.0,0,0,0,0,0,Matches,c6cf860f
356,Tim Skarke,de GER,DFMF,Union Berlin,26-063,1996,0.6,22,36,61.1,338,71,11,16,68.8,11,14,78.6,0,5,0.0,0,0.0,0.0,0.0,1,1,1,1,0,Matches,65857fdf
357,Ellyes Skhiri,tn TUN,MF,Köln,27-183,1995,12.0,546,621,87.9,9885,2911,219,239,91.6,264,288,91.7,57,65,87.7,0,0.9,0.7,-0.9,14,40,3,1,39,Matches,c2211709
358,Robert Skov,dk DEN,DF,Hoffenheim,26-173,1996,9.0,317,455,69.7,5679,1928,141,167,84.4,142,197,72.1,30,71,42.3,1,1.2,1.6,-0.2,13,22,13,6,25,Matches,ff98492b
359,Hrvoje Smolčić,hr CRO,MFDF,Eint Frankfurt,22-084,2000,0.4,21,30,70.0,323,166,15,18,83.3,4,6,66.7,2,3,66.7,0,0.0,0.0,0.0,0,1,0,0,1,Matches,c967f6b8
360,Danilo Soares,br BRA,DF,Bochum,31-011,1991,8.2,300,403,74.4,5452,1706,126,147,85.7,132,168,78.6,36,65,55.4,0,0.1,0.2,-0.1,3,25,3,0,21,Matches,c05f2f8c
361,Nikola Soldo,hr CRO,DF,Köln,21-288,2001,3.6,153,205,74.6,3195,801,34,41,82.9,101,112,90.2,18,43,41.9,0,0.0,0.0,0.0,0,7,1,0,8,Matches,4f627629
362,Yann Sommer,ch SUI,GK,M'Gladbach,33-327,1988,10.0,499,609,81.9,11448,7432,124,125,99.2,280,285,98.2,94,196,48.0,0,0.0,0.0,0.0,0,5,0,0,0,Matches,420c18a1
363,Borna Sosa,hr CRO,DFMF,Stuttgart,24-292,1998,9.7,446,615,72.5,7627,3477,222,247,89.9,168,235,71.5,46,108,42.6,5,3.2,4.8,+1.8,29,36,30,18,42,Matches,af0d79a9
364,Djibril Sow,ch SUI,MF,Eint Frankfurt,25-276,1997,11.0,464,543,85.5,8020,2677,201,220,91.4,218,241,90.5,34,51,66.7,0,0.5,0.6,-0.5,8,49,11,1,57,Matches,4c6facae
365,Anton Stach,de GER,MF,Mainz 05,23-359,1998,9.3,237,352,67.3,3799,1417,127,170,74.7,81,112,72.3,20,44,45.5,3,1.5,1.8,+1.5,12,26,5,1,34,Matches,0f59a7bf
366,Kostas Stafylidis,gr GRE,MFDF,Bochum,28-342,1993,3.3,103,135,76.3,1980,671,44,47,93.6,44,59,74.6,14,22,63.6,1,0.1,0.1,+0.9,2,8,2,2,10,Matches,861e0116
367,Jens Stage,dk DEN,MF,Werder Bremen,26-001,1996,6.0,104,175,59.4,1609,641,57,79,72.2,42,64,65.6,2,9,22.2,1,0.3,0.5,+0.7,5,12,8,1,18,Matches,1fffae99
368,Josip Stanišić,hr CRO,DF,Bayern Munich,22-221,2000,1.4,102,112,91.1,1784,527,46,48,95.8,43,46,93.5,12,16,75.0,0,0.0,0.1,0.0,0,9,4,2,8,Matches,7ed08d5c
369,Niklas Stark,de GER,DF,Werder Bremen,27-209,1995,6.2,287,355,80.8,5760,2100,93,105,88.6,152,177,85.9,41,66,62.1,0,0.2,0.1,-0.2,2,26,2,0,18,Matches,aad48be9
370,Pascal Stenzel,de GER,DFMF,Stuttgart,26-234,1996,2.5,104,133,78.2,2344,887,40,44,90.9,35,45,77.8,28,40,70.0,1,0.2,0.3,+0.8,2,7,4,2,7,Matches,99f7e9aa
371,Angelo Stiller,de GER,MF,Hoffenheim,21-219,2001,1.2,62,74,83.8,941,281,39,45,86.7,17,19,89.5,4,4,100.0,1,0.5,0.3,+0.5,3,2,2,0,3,Matches,3b1ed320
372,Lars Stindl,de GER,FWMF,M'Gladbach,34-075,1988,6.6,183,236,77.5,2835,807,98,119,82.4,63,77,81.8,14,21,66.7,3,2.7,1.8,+0.3,14,19,6,0,19,Matches,7cd6badb
373,Kevin Stöger,at AUT,MF,Bochum,29-074,1993,12.5,486,705,68.9,9139,3282,218,263,82.9,168,236,71.2,82,153,53.6,1,2.6,3.2,-1.6,30,62,20,6,66,Matches,e5649a78
374,Niklas Süle,de GER,DF,Dortmund,27-067,1995,7.7,512,592,86.5,8865,2991,232,252,92.1,212,239,88.7,48,66,72.7,1,0.5,0.7,+0.5,5,27,2,1,37,Matches,e33c06cf
375,Ivan Šunjić,hr CRO,MF,Hertha BSC,26-031,1996,8.4,215,284,75.7,3682,1243,112,131,85.5,79,99,79.8,20,37,54.1,0,0.1,0.3,-0.1,3,26,4,0,21,Matches,e18098de
376,Mattias Svanberg,se SWE,MF,Wolfsburg,23-308,1999,6.1,106,149,71.1,1631,599,46,60,76.7,37,48,77.1,12,22,54.5,2,1.9,1.5,+0.1,9,9,5,1,16,Matches,92d83c27
377,Dominik Szoboszlai,hu HUN,MFFW,RB Leipzig,22-015,2000,8.7,403,503,80.1,6878,1796,214,249,85.9,128,150,85.3,49,72,68.1,6,3.1,3.4,+2.9,27,39,16,1,47,Matches,934e1968
378,Alexander Sørloth,no NOR,FW,RB Leipzig,26-339,1995,0.1,2,2,100.0,21,0,2,2,100.0,0,0,,0,0,,0,0.0,0.0,0.0,0,0,0,0,0,Matches,e92cd3f7
379,Jonathan Tah,de GER,DF,Leverkusen,26-271,1996,11.9,636,714,89.1,11623,3994,238,252,94.4,346,374,92.5,49,77,63.6,0,0.4,0.1,-0.4,5,22,0,0,18,Matches,bd142efb
380,Edmond Tapsoba,bf BFA,DF,Leverkusen,23-280,1999,12.6,793,914,86.8,14956,6049,295,322,91.6,401,430,93.3,90,147,61.2,0,0.8,0.8,-0.8,3,63,5,0,50,Matches,a73c8f95
381,Niklas Tauer,de GER,DFMF,Mainz 05,21-265,2001,1.0,50,56,89.3,757,260,30,33,90.9,19,20,95.0,1,2,50.0,0,0.0,0.1,0.0,0,5,2,1,6,Matches,27270af4
382,Mathys Tel,fr FRA,FW,Bayern Munich,17-196,2005,1.9,70,82,85.4,989,89,42,44,95.5,26,30,86.7,1,1,100.0,0,0.1,0.1,-0.1,2,3,1,0,2,Matches,829aa60c
383,Simon Terodde,de GER,FW,Schalke 04,34-252,1988,9.8,103,154,66.9,1539,226,49,65,75.4,43,63,68.3,4,7,57.1,0,0.6,0.4,-0.6,7,9,4,0,12,Matches,863ff1ee
384,Malick Thiaw,de GER,DF,Schalke 04,21-093,2001,3.0,108,123,87.8,2266,690,25,30,83.3,72,79,91.1,11,14,78.6,0,0.0,0.0,0.0,0,4,0,0,3,Matches,ff5ea0bf
385,Jan Thielmann,de GER,FW,Köln,20-167,2002,4.9,73,114,64.0,1207,218,39,53,73.6,26,32,81.3,6,13,46.2,1,0.1,0.3,+0.9,3,4,2,1,4,Matches,fd53759d
386,Morten Thorsby,no NOR,MF,Union Berlin,26-188,1996,4.4,59,87,67.8,802,279,39,52,75.0,17,26,65.4,1,4,25.0,0,0.0,0.0,0.0,1,7,0,0,4,Matches,d1b49282
387,Marcus Thuram,fr FRA,FW,M'Gladbach,25-095,1997,14.0,167,234,71.4,2219,461,95,123,77.2,53,67,79.1,3,7,42.9,3,1.8,0.7,+1.2,13,5,10,0,20,Matches,6f8cd6d0
388,Steffen Tigges,de GER,FW,Köln,24-101,1998,7.6,78,142,54.9,1201,347,44,69,63.8,24,42,57.1,7,11,63.6,0,0.7,0.3,-0.7,8,9,5,0,13,Matches,6b8887c2
389,Tiago Tomás,pt POR,FWMF,Stuttgart,20-146,2002,7.3,88,153,57.5,1296,408,54,70,77.1,22,39,56.4,9,22,40.9,2,2.0,1.4,0.0,9,2,8,3,10,Matches,b492126a
390,Almamy Touré,ml MLI,DF,Eint Frankfurt,26-195,1996,1.8,80,100,80.0,1377,381,29,34,85.3,43,51,84.3,5,9,55.6,0,0.0,0.0,0.0,0,7,0,0,1,Matches,c8c60119
391,Lucas Tousart,fr FRA,MF,Hertha BSC,25-194,1997,12.8,225,350,64.3,3763,1411,109,154,70.8,89,121,73.6,19,41,46.3,0,0.3,0.4,-0.3,6,36,2,1,30,Matches,71ec39ef
392,Kevin Trapp,de GER,GK,Eint Frankfurt,32-124,1990,13.0,221,343,64.4,5886,3900,40,41,97.6,113,116,97.4,67,181,37.0,0,0.0,0.0,0.0,0,3,0,0,0,Matches,ce17b5eb
393,Christopher Trimmel,at AUT,DF,Union Berlin,35-258,1987,9.2,278,449,61.9,4927,2055,126,152,82.9,113,159,71.1,30,111,27.0,2,0.9,1.1,+1.1,13,25,8,5,23,Matches,056d2d95
394,Tuta,br BRA,DF,Eint Frankfurt,23-128,1999,12.9,571,708,80.6,10743,3918,197,222,88.7,317,357,88.8,48,105,45.7,0,0.3,0.2,-0.3,2,26,0,0,30,Matches,35d64857
395,Sven Ulreich,de GER,GK,Bayern Munich,34-098,1988,3.0,110,131,84.0,2282,1531,41,41,100.0,53,54,98.1,16,35,45.7,0,0.0,0.0,0.0,0,0,0,0,0,Matches,7d3e7da6
396,Dayot Upamecano,fr FRA,DF,Bayern Munich,24-013,1998,13.9,1022,1132,90.3,20527,7917,305,331,92.1,596,629,94.8,115,152,75.7,0,0.2,0.6,-0.2,4,99,4,0,61,Matches,d248cd8f
397,Filip Uremović,hr CRO,DF,Hertha BSC,25-271,1997,6.2,177,218,81.2,3430,935,46,54,85.2,120,131,91.6,10,27,37.0,0,0.0,0.0,0.0,1,4,0,0,4,Matches,af842091
398,Mark Uth,de GER,MFFW,Köln,31-077,1991,0.5,11,15,73.3,181,42,5,7,71.4,5,5,100.0,1,3,33.3,0,0.0,0.0,0.0,0,2,0,0,1,Matches,a3ddb1b9
399,Josha Vagnoman,de GER,DFMF,Stuttgart,21-333,2000,4.9,92,124,74.2,1330,474,53,64,82.8,29,42,69.0,5,9,55.6,0,0.3,0.3,-0.3,5,3,2,1,4,Matches,fb377d11
400,Ruben Vargas,ch SUI,MFFW,Augsburg,24-096,1998,4.2,59,106,55.7,958,333,27,35,77.1,27,50,54.0,2,10,20.0,0,0.1,0.7,-0.1,4,7,4,1,10,Matches,6ecbddf6
401,Miloš Veljković,rs SRB,DF,Werder Bremen,27-044,1995,11.5,464,576,80.6,10547,4677,109,125,87.2,261,291,89.7,89,143,62.2,0,0.3,0.1,-0.3,1,28,0,0,18,Matches,a5ae8f8e
402,Mickey van de Ven,nl NED,DF,Wolfsburg,21-204,2001,14.0,664,755,87.9,13979,4724,172,193,89.1,399,420,95.0,87,126,69.0,0,0.1,0.5,-0.1,2,37,3,0,30,Matches,8fe2a392
403,Gabriel Vidovic,hr CRO,FW,Bayern Munich,18-343,2003,0.2,10,13,76.9,102,23,7,8,87.5,2,3,66.7,0,0,,1,0.1,0.1,+0.9,2,0,1,0,1,Matches,5360a956
404,Kevin Vogt,de GER,DF,Hoffenheim,31-047,1991,11.2,624,696,89.7,13237,5989,165,181,91.2,359,380,94.5,94,122,77.0,0,0.0,0.3,0.0,1,40,3,0,45,Matches,1d8e9add
405,Aster Vranckx,be BEL,MF,Wolfsburg,20-036,2002,0.1,2,3,66.7,32,10,1,1,100.0,1,2,50.0,0,0,,0,0.0,0.0,0.0,0,0,0,0,0,Matches,f86cd5df
406,Robert Wagner,de GER,MF,Freiburg,19-118,2003,0.1,2,2,100.0,27,6,1,1,100.0,1,1,100.0,0,0,,0,0.0,0.0,0.0,0,0,0,0,0,Matches,e3d3fbeb
407,Luca Waldschmidt,de GER,FW,Wolfsburg,26-174,1996,3.1,56,74,75.7,685,90,35,42,83.3,15,20,75.0,2,5,40.0,0,0.0,0.5,0.0,0,2,0,0,2,Matches,e5a35ae9
408,Julian Weigl,de GER,MF,M'Gladbach,27-062,1995,9.0,434,494,87.9,7803,1900,191,208,91.8,199,219,90.9,39,54,72.2,0,0.1,0.3,-0.1,1,18,1,0,21,Matches,346d51d9
409,Nelson Weiper,de GER,MF,Mainz 05,17-237,2005,0.0,1,1,100.0,12,2,1,1,100.0,0,0,,0,0,,0,0.0,0.0,0.0,0,0,0,0,0,Matches,231c67ff
410,Mitchell Weiser,de GER,DFFW,Werder Bremen,28-202,1994,13.3,434,603,72.0,7100,3291,228,278,82.0,154,205,75.1,39,73,53.4,6,2.9,2.6,+3.1,20,48,20,4,57,Matches,30c220c3
411,Noah Weißhaupt,de GER,FWMF,Freiburg,21-050,2001,1.2,14,28,50.0,249,81,6,12,50.0,2,4,50.0,4,7,57.1,0,0.3,0.3,-0.3,2,0,0,0,1,Matches,dd676a97
412,Marcel Wenig,de GER,MF,Eint Frankfurt,18-189,2004,0.0,9,10,90.0,120,11,7,7,100.0,1,2,50.0,1,1,100.0,0,0.0,0.0,0.0,0,0,0,0,0,Matches,1c86aa16
413,Timo Werner,de GER,FW,RB Leipzig,26-248,1996,7.2,145,209,69.4,2260,478,72,87,82.8,59,79,74.7,8,13,61.5,1,1.3,0.9,-0.3,4,18,6,0,12,Matches,49fe9070
414,Silvan Widmer,ch SUI,DF,Mainz 05,29-249,1993,9.3,319,450,70.9,5469,2002,165,192,85.9,119,169,70.4,30,68,44.1,0,0.6,0.6,-0.6,7,25,11,1,23,Matches,f68b64fc
415,Patrick Wimmer,at AUT,FWMF,Wolfsburg,21-163,2001,5.7,98,166,59.0,1520,578,46,67,68.7,36,53,67.9,8,19,42.1,3,2.1,2.0,+0.9,14,6,8,3,15,Matches,cb11b429
416,Jonas Wind,dk DEN,FWMF,Wolfsburg,23-275,1999,1.9,41,59,69.5,475,150,31,35,88.6,8,14,57.1,0,1,0.0,0,0.2,0.6,-0.2,1,9,1,0,6,Matches,2077ae86
417,Frederik Winther,dk DEN,DF,Augsburg,21-309,2001,1.0,22,35,62.9,456,203,5,8,62.5,12,15,80.0,4,8,50.0,1,0.1,0.0,+0.9,1,1,1,0,1,Matches,a1257b5e
418,Hannes Wolf,at AUT,FWMF,M'Gladbach,23-207,1999,0.6,10,14,71.4,145,26,3,4,75.0,4,5,80.0,1,2,50.0,0,0.0,0.0,0.0,0,0,0,0,1,Matches,be42a291
419,Marius Wolf,de GER,DFFW,Dortmund,27-166,1995,5.7,221,303,72.9,3674,1353,111,127,87.4,86,106,81.1,20,43,46.5,1,0.8,1.2,+0.2,9,17,10,5,20,Matches,fa661778
420,Jeong Woo-yeong,kr KOR,MFFW,Freiburg,23-050,1999,4.4,101,135,74.8,1398,330,61,73,83.6,26,32,81.3,5,7,71.4,1,0.9,0.9,+0.1,4,7,3,2,7,Matches,6190474d
421,Maya Yoshida,jp JPN,DF,Schalke 04,34-077,1988,12.9,477,606,78.7,10127,3417,116,143,81.1,301,324,92.9,58,123,47.2,0,0.0,0.2,0.0,1,28,2,0,31,Matches,caffaf5a
422,Dan-Axel Zagadou,fr FRA,DF,Stuttgart,23-159,1999,3.9,173,210,82.4,3348,1285,58,64,90.6,97,109,89.0,18,30,60.0,0,0.1,0.0,-0.1,3,18,0,0,10,Matches,a4effc55
423,Rodrigo Zalazar,uy URU,MFFW,Schalke 04,23-089,1999,4.2,58,94,61.7,880,275,26,41,63.4,22,29,75.9,4,13,30.8,0,0.6,0.5,-0.6,5,4,3,2,5,Matches,fc3697dd
424,Robin Zentner,de GER,GK,Mainz 05,28-012,1994,13.0,243,417,58.3,8164,6480,29,29,100.0,102,106,96.2,112,280,40.0,0,0.1,0.2,-0.1,1,11,1,0,3,Matches,5c4bf6ba
425,Michael Zetterer,de GER,GK,Werder Bremen,27-120,1995,0.7,21,32,65.6,726,535,2,2,100.0,7,7,100.0,12,23,52.2,0,0.0,0.0,0.0,0,1,0,0,0,Matches,9b688ae1
426,Simon Zoller,de GER,FW,Bochum,31-136,1991,10.2,119,195,61.0,1888,407,69,101,68.3,35,60,58.3,11,14,78.6,1,0.9,0.4,+0.1,7,9,3,0,13,Matches,29f7cfd9